listing_id,brand,brand_tier,model,reference,year,watch_age_years,age_category,condition,price_aed,price_usd_approx,price_band,seller_type,is_dealer,location,scraped_date,source
C24-UAE-1000,Cartier,Luxury,Santos,REF-23434,1995,31,Vintage (20y+),Good,4900.0,1333.0,Entry (<10K),Dealer,1,Dubai,2025-06-18,"Chrono24 UAE (simulated — site uses JS rendering, data schema mirrors live listings)"
C24-UAE-1001,Panerai,Luxury,Radiomir,REF-13478,1996,30,Vintage (20y+),Unworn,15900.0,4325.0,Mid (10K-30K),Dealer,1,Abu Dhabi,2025-06-18,"Chrono24 UAE (simulated — site uses JS rendering, data schema mirrors live listings)"
C24-UAE-1002,Vacheron Constantin,Grand Complication,Traditionnelle,REF-10851,2017,9,Modern (6-10y),Very Good,74500.0,20264.0,Premium (30K-75K),Dealer,1,Abu Dhabi,2025-06-18,"Chrono24 UAE (simulated — site uses JS rendering, data schema mirrors live listings)"
C24-UAE-1003,Vacheron Constantin,Grand Complication,Patrimony,REF-23396,2005,21,Vintage (20y+),Like New,80500.0,21896.0,Luxury (75K-200K),Dealer,1,Dubai,2025-06-18,"Chrono24 UAE (simulated — site uses JS rendering, data schema mirrors live listings)"
C24-UAE-1004,IWC,Luxury,Portugieser Chronograph,REF-70217,2006,20,Vintage Adjacent (11-20y),Good,19000.0,5168.0,Mid (10K-30K),Dealer,1,Dubai,2025-06-18,"Chrono24 UAE (simulated — site uses JS rendering, data schema mirrors live listings)"
C24-UAE-1005,Seiko,Accessible,Presage,REF-57400,1997,29,Vintage (20y+),Very Good,2300.0,626.0,Entry (<10K),Private Seller,0,Abu Dhabi,2025-06-18,"Chrono24 UAE (simulated — site uses JS rendering, data schema mirrors live listings)"
C24-UAE-1006,Vacheron Constantin,Grand Complication,Overseas,REF-40512,1996,30,Vintage (20y+),Good,74100.0,20155.0,Premium (30K-75K),Private Seller,0,Dubai,2025-06-18,"Chrono24 UAE (simulated — site uses JS rendering, data schema mirrors live listings)"
C24-UAE-1007,IWC,Luxury,Pilot Mark XVIII,REF-37460,2009,17,Vintage Adjacent (11-20y),Very Good,13100.0,3563.0,Mid (10K-30K),Dealer,1,Sharjah,2025-06-18,"Chrono24 UAE (simulated — site uses JS rendering, data schema mirrors live listings)"
C24-UAE-1008,Vacheron Constantin,Grand Complication,Traditionnelle,REF-42087,2015,11,Vintage Adjacent (11-20y),Unworn,72400.0,19693.0,Premium (30K-75K),Dealer,1,Abu Dhabi,2025-06-18,"Chrono24 UAE (simulated — site uses JS rendering, data schema mirrors live listings)"
C24-UAE-1009,Breitling,Premium,Superocean,REF-99733,2003,23,Vintage (20y+),Fair,7700.0,2094.0,Entry (<10K),Dealer,1,Sharjah,2025-06-18,"Chrono24 UAE (simulated — site uses JS rendering, data schema mirrors live listings)"
C24-UAE-1010,Tudor,Accessible Luxury,Black Bay 58,REF-18675,2002,24,Vintage (20y+),Good,4200.0,1142.0,Entry (<10K),Private Seller,0,Abu Dhabi,2025-06-18,"Chrono24 UAE (simulated — site uses JS rendering, data schema mirrors live listings)"
C24-UAE-1011,Seiko,Accessible,Astron,REF-94259,2023,3,Recent (3-5y),Good,2900.0,789.0,Entry (<10K),Dealer,1,Ajman,2025-06-18,"Chrono24 UAE (simulated — site uses JS rendering, data schema mirrors live listings)"
C24-UAE-1012,Patek Philippe,Ultra Luxury,Calatrava,REF-86622,1999,27,Vintage (20y+),Like New,149300.0,40610.0,Luxury (75K-200K),Dealer,1,Ajman,2025-06-18,"Chrono24 UAE (simulated — site uses JS rendering, data schema mirrors live listings)"
C24-UAE-1013,Seiko,Accessible,Astron,REF-74686,2007,19,Vintage Adjacent (11-20y),Very Good,800.0,218.0,Entry (<10K),Private Seller,0,Dubai,2025-06-18,"Chrono24 UAE (simulated — site uses JS rendering, data schema mirrors live listings)"
C24-UAE-1014,Jaeger-LeCoultre,Grand Complication,Reverso,REF-65333,2022,4,Recent (3-5y),Like New,55800.0,15178.0,Premium (30K-75K),Dealer,1,Dubai,2025-06-18,"Chrono24 UAE (simulated — site uses JS rendering, data schema mirrors live listings)"
C24-UAE-1015,IWC,Luxury,Pilot Mark XVIII,REF-11504,2014,12,Vintage Adjacent (11-20y),Fair,18300.0,4978.0,Mid (10K-30K),Dealer,1,Dubai,2025-06-18,"Chrono24 UAE (simulated — site uses JS rendering, data schema mirrors live listings)"
C24-UAE-1016,Cartier,Luxury,Ballon Bleu,REF-66985,2019,7,Modern (6-10y),Like New,8700.0,2366.0,Entry (<10K),Dealer,1,Abu Dhabi,2025-06-18,"Chrono24 UAE (simulated — site uses JS rendering, data schema mirrors live listings)"
C24-UAE-1017,Breitling,Premium,Navitimer,REF-33416,2018,8,Modern (6-10y),Good,12200.0,3318.0,Mid (10K-30K),Dealer,1,Dubai,2025-06-18,"Chrono24 UAE (simulated — site uses JS rendering, data schema mirrors live listings)"
C24-UAE-1018,Tudor,Accessible Luxury,Heritage Chrono,REF-59009,2004,22,Vintage (20y+),Good,3000.0,816.0,Entry (<10K),Dealer,1,Abu Dhabi,2025-06-18,"Chrono24 UAE (simulated — site uses JS rendering, data schema mirrors live listings)"
C24-UAE-1019,Tag Heuer,Accessible Luxury,Aquaracer,REF-57576,2024,2,Nearly New (0-2y),Unworn,4300.0,1170.0,Entry (<10K),Dealer,1,Sharjah,2025-06-18,"Chrono24 UAE (simulated — site uses JS rendering, data schema mirrors live listings)"
C24-UAE-1020,Audemars Piguet,Ultra Luxury,Royal Oak 15400,15400ST.OO.1220ST.01,2002,24,Vintage (20y+),Good,53600.0,14579.0,Premium (30K-75K),Private Seller,0,Dubai,2025-06-18,"Chrono24 UAE (simulated — site uses JS rendering, data schema mirrors live listings)"
C24-UAE-1021,Jaeger-LeCoultre,Grand Complication,Polaris,REF-31643,2019,7,Modern (6-10y),Like New,55100.0,14987.0,Premium (30K-75K),Private Seller,0,Sharjah,2025-06-18,"Chrono24 UAE (simulated — site uses JS rendering, data schema mirrors live listings)"
C24-UAE-1022,Tag Heuer,Accessible Luxury,Aquaracer,REF-36365,2008,18,Vintage Adjacent (11-20y),Fair,6000.0,1632.0,Entry (<10K),Private Seller,0,Sharjah,2025-06-18,"Chrono24 UAE (simulated — site uses JS rendering, data schema mirrors live listings)"
C24-UAE-1023,IWC,Luxury,Aquatimer,REF-42493,2015,11,Vintage Adjacent (11-20y),Very Good,16600.0,4515.0,Mid (10K-30K),Private Seller,0,Abu Dhabi,2025-06-18,"Chrono24 UAE (simulated — site uses JS rendering, data schema mirrors live listings)"
C24-UAE-1024,Omega,Premium,Constellation,REF-19305,1995,31,Vintage (20y+),Very Good,5400.0,1469.0,Entry (<10K),Dealer,1,Dubai,2025-06-18,"Chrono24 UAE (simulated — site uses JS rendering, data schema mirrors live listings)"
C24-UAE-1025,Audemars Piguet,Ultra Luxury,Royal Oak 15400,15400ST.OO.1220ST.01,2023,3,Recent (3-5y),Unworn,187500.0,51000.0,Luxury (75K-200K),Dealer,1,Ajman,2025-06-18,"Chrono24 UAE (simulated — site uses JS rendering, data schema mirrors live listings)"
C24-UAE-1026,Audemars Piguet,Ultra Luxury,Royal Oak Concept,REF-41850,1999,27,Vintage (20y+),Good,145500.0,39576.0,Luxury (75K-200K),Private Seller,0,Ajman,2025-06-18,"Chrono24 UAE (simulated — site uses JS rendering, data schema mirrors live listings)"
C24-UAE-1027,Jaeger-LeCoultre,Grand Complication,Master Ultra Thin,REF-63883,2001,25,Vintage (20y+),Unworn,20000.0,5440.0,Mid (10K-30K),Private Seller,0,Ajman,2025-06-18,"Chrono24 UAE (simulated — site uses JS rendering, data schema mirrors live listings)"
C24-UAE-1028,Tudor,Accessible Luxury,Heritage Chrono,REF-62772,1996,30,Vintage (20y+),Good,2400.0,653.0,Entry (<10K),Private Seller,0,Sharjah,2025-06-18,"Chrono24 UAE (simulated — site uses JS rendering, data schema mirrors live listings)"
C24-UAE-1029,Jaeger-LeCoultre,Grand Complication,Reverso,REF-34050,2002,24,Vintage (20y+),Like New,12100.0,3291.0,Mid (10K-30K),Dealer,1,Sharjah,2025-06-18,"Chrono24 UAE (simulated — site uses JS rendering, data schema mirrors live listings)"
C24-UAE-1030,Breitling,Premium,Navitimer,REF-82132,2022,4,Recent (3-5y),Fair,7700.0,2094.0,Entry (<10K),Dealer,1,Dubai,2025-06-18,"Chrono24 UAE (simulated — site uses JS rendering, data schema mirrors live listings)"
C24-UAE-1031,Rolex,Luxury,Submariner Date,126610LN,1997,29,Vintage (20y+),Fair,21000.0,5712.0,Mid (10K-30K),Private Seller,0,Ajman,2025-06-18,"Chrono24 UAE (simulated — site uses JS rendering, data schema mirrors live listings)"
C24-UAE-1032,Audemars Piguet,Ultra Luxury,Royal Oak Offshore,REF-44760,2023,3,Recent (3-5y),Unworn,311100.0,84619.0,Ultra Luxury (200K+),Dealer,1,Ajman,2025-06-18,"Chrono24 UAE (simulated — site uses JS rendering, data schema mirrors live listings)"
C24-UAE-1033,Richard Mille,Ultra Luxury,RM 010,REF-73788,2017,9,Modern (6-10y),Fair,217700.0,59214.0,Ultra Luxury (200K+),Private Seller,0,Abu Dhabi,2025-06-18,"Chrono24 UAE (simulated — site uses JS rendering, data schema mirrors live listings)"
C24-UAE-1034,Audemars Piguet,Ultra Luxury,Royal Oak Offshore,REF-51104,2001,25,Vintage (20y+),Fair,111300.0,30274.0,Luxury (75K-200K),Dealer,1,Dubai,2025-06-18,"Chrono24 UAE (simulated — site uses JS rendering, data schema mirrors live listings)"
C24-UAE-1035,Rolex,Luxury,Sky-Dweller,REF-76562,2011,15,Vintage Adjacent (11-20y),Fair,14300.0,3890.0,Mid (10K-30K),Dealer,1,Dubai,2025-06-18,"Chrono24 UAE (simulated — site uses JS rendering, data schema mirrors live listings)"
C24-UAE-1036,Tudor,Accessible Luxury,Black Bay 58,REF-25713,1997,29,Vintage (20y+),Very Good,3800.0,1034.0,Entry (<10K),Private Seller,0,Abu Dhabi,2025-06-18,"Chrono24 UAE (simulated — site uses JS rendering, data schema mirrors live listings)"
C24-UAE-1037,Panerai,Luxury,Submersible,REF-78522,1996,30,Vintage (20y+),Very Good,14700.0,3998.0,Mid (10K-30K),Dealer,1,Sharjah,2025-06-18,"Chrono24 UAE (simulated — site uses JS rendering, data schema mirrors live listings)"
C24-UAE-1038,Seiko,Accessible,Presage,REF-27154,2001,25,Vintage (20y+),Good,1000.0,272.0,Entry (<10K),Dealer,1,Sharjah,2025-06-18,"Chrono24 UAE (simulated — site uses JS rendering, data schema mirrors live listings)"
C24-UAE-1039,Breitling,Premium,Superocean,REF-83792,2024,2,Nearly New (0-2y),Good,15600.0,4243.0,Mid (10K-30K),Dealer,1,Dubai,2025-06-18,"Chrono24 UAE (simulated — site uses JS rendering, data schema mirrors live listings)"
C24-UAE-1040,Omega,Premium,Planet Ocean,REF-19016,2001,25,Vintage (20y+),Very Good,7100.0,1931.0,Entry (<10K),Dealer,1,Abu Dhabi,2025-06-18,"Chrono24 UAE (simulated — site uses JS rendering, data schema mirrors live listings)"
C24-UAE-1041,Hublot,Luxury,Classic Fusion,REF-95717,2000,26,Vintage (20y+),Very Good,25500.0,6936.0,Mid (10K-30K),Dealer,1,Dubai,2025-06-18,"Chrono24 UAE (simulated — site uses JS rendering, data schema mirrors live listings)"
C24-UAE-1042,Cartier,Luxury,Ballon Bleu,REF-44664,2004,22,Vintage (20y+),Fair,12100.0,3291.0,Mid (10K-30K),Dealer,1,Dubai,2025-06-18,"Chrono24 UAE (simulated — site uses JS rendering, data schema mirrors live listings)"
C24-UAE-1043,Seiko,Accessible,Prospex,REF-54942,2018,8,Modern (6-10y),Very Good,3100.0,843.0,Entry (<10K),Dealer,1,Abu Dhabi,2025-06-18,"Chrono24 UAE (simulated — site uses JS rendering, data schema mirrors live listings)"
C24-UAE-1044,Cartier,Luxury,Ballon Bleu,REF-16658,2022,4,Recent (3-5y),Like New,34900.0,9493.0,Premium (30K-75K),Dealer,1,Dubai,2025-06-18,"Chrono24 UAE (simulated — site uses JS rendering, data schema mirrors live listings)"
C24-UAE-1045,Cartier,Luxury,Tank,REF-93507,2021,5,Recent (3-5y),Like New,29200.0,7942.0,Mid (10K-30K),Dealer,1,Sharjah,2025-06-18,"Chrono24 UAE (simulated — site uses JS rendering, data schema mirrors live listings)"
C24-UAE-1046,Patek Philippe,Ultra Luxury,Complications 5396,REF-29536,2012,14,Vintage Adjacent (11-20y),Good,73500.0,19992.0,Premium (30K-75K),Dealer,1,Dubai,2025-06-18,"Chrono24 UAE (simulated — site uses JS rendering, data schema mirrors live listings)"
C24-UAE-1047,Tudor,Accessible Luxury,Pelagos,REF-57795,2013,13,Vintage Adjacent (11-20y),Very Good,2500.0,680.0,Entry (<10K),Dealer,1,Dubai,2025-06-18,"Chrono24 UAE (simulated — site uses JS rendering, data schema mirrors live listings)"
C24-UAE-1048,Seiko,Accessible,Presage,REF-83385,2001,25,Vintage (20y+),Good,1300.0,354.0,Entry (<10K),Private Seller,0,Ajman,2025-06-18,"Chrono24 UAE (simulated — site uses JS rendering, data schema mirrors live listings)"
C24-UAE-1049,Panerai,Luxury,Submersible,REF-33206,1999,27,Vintage (20y+),Fair,5000.0,1360.0,Entry (<10K),Dealer,1,Ajman,2025-06-18,"Chrono24 UAE (simulated — site uses JS rendering, data schema mirrors live listings)"
C24-UAE-1050,Rolex,Luxury,GMT-Master II,126710BLRO,2018,8,Modern (6-10y),Fair,36000.0,9792.0,Premium (30K-75K),Private Seller,0,Abu Dhabi,2025-06-18,"Chrono24 UAE (simulated — site uses JS rendering, data schema mirrors live listings)"
C24-UAE-1051,Richard Mille,Ultra Luxury,RM 055,REF-71694,2020,6,Modern (6-10y),Good,102100.0,27771.0,Luxury (75K-200K),Dealer,1,Abu Dhabi,2025-06-18,"Chrono24 UAE (simulated — site uses JS rendering, data schema mirrors live listings)"
C24-UAE-1052,Audemars Piguet,Ultra Luxury,Royal Oak Offshore,REF-13101,2006,20,Vintage Adjacent (11-20y),Like New,106900.0,29077.0,Luxury (75K-200K),Private Seller,0,Abu Dhabi,2025-06-18,"Chrono24 UAE (simulated — site uses JS rendering, data schema mirrors live listings)"
C24-UAE-1053,IWC,Luxury,Pilot Mark XVIII,REF-94080,2003,23,Vintage (20y+),Good,9500.0,2584.0,Entry (<10K),Private Seller,0,Ajman,2025-06-18,"Chrono24 UAE (simulated — site uses JS rendering, data schema mirrors live listings)"
C24-UAE-1054,Cartier,Luxury,Ballon Bleu,REF-33405,2005,21,Vintage (20y+),Fair,13200.0,3590.0,Mid (10K-30K),Dealer,1,Sharjah,2025-06-18,"Chrono24 UAE (simulated — site uses JS rendering, data schema mirrors live listings)"
C24-UAE-1055,Rolex,Luxury,Datejust 41,126334,2014,12,Vintage Adjacent (11-20y),Very Good,44000.0,11968.0,Premium (30K-75K),Private Seller,0,Dubai,2025-06-18,"Chrono24 UAE (simulated — site uses JS rendering, data schema mirrors live listings)"
C24-UAE-1056,IWC,Luxury,Aquatimer,REF-80575,2001,25,Vintage (20y+),Like New,6000.0,1632.0,Entry (<10K),Private Seller,0,Abu Dhabi,2025-06-18,"Chrono24 UAE (simulated — site uses JS rendering, data schema mirrors live listings)"
C24-UAE-1057,Hublot,Luxury,Classic Fusion,REF-96951,1997,29,Vintage (20y+),Fair,30100.0,8187.0,Premium (30K-75K),Private Seller,0,Dubai,2025-06-18,"Chrono24 UAE (simulated — site uses JS rendering, data schema mirrors live listings)"
C24-UAE-1058,Vacheron Constantin,Grand Complication,Patrimony,REF-48752,2011,15,Vintage Adjacent (11-20y),Like New,50700.0,13790.0,Premium (30K-75K),Dealer,1,Abu Dhabi,2025-06-18,"Chrono24 UAE (simulated — site uses JS rendering, data schema mirrors live listings)"
C24-UAE-1059,Audemars Piguet,Ultra Luxury,Royal Oak Offshore,REF-90676,2016,10,Modern (6-10y),Fair,165400.0,44989.0,Luxury (75K-200K),Private Seller,0,Sharjah,2025-06-18,"Chrono24 UAE (simulated — site uses JS rendering, data schema mirrors live listings)"
C24-UAE-1060,IWC,Luxury,Aquatimer,REF-86019,2021,5,Recent (3-5y),Unworn,27400.0,7453.0,Mid (10K-30K),Dealer,1,Sharjah,2025-06-18,"Chrono24 UAE (simulated — site uses JS rendering, data schema mirrors live listings)"
C24-UAE-1061,Breitling,Premium,Superocean,REF-32241,2009,17,Vintage Adjacent (11-20y),Good,12500.0,3400.0,Mid (10K-30K),Dealer,1,Dubai,2025-06-18,"Chrono24 UAE (simulated — site uses JS rendering, data schema mirrors live listings)"
C24-UAE-1062,Richard Mille,Ultra Luxury,RM 035,REF-39444,1997,29,Vintage (20y+),Good,245500.0,66776.0,Ultra Luxury (200K+),Private Seller,0,Abu Dhabi,2025-06-18,"Chrono24 UAE (simulated — site uses JS rendering, data schema mirrors live listings)"
C24-UAE-1063,Patek Philippe,Ultra Luxury,Nautilus 5711,5711/1A-010,1996,30,Vintage (20y+),Like New,348900.0,94901.0,Ultra Luxury (200K+),Dealer,1,Ajman,2025-06-18,"Chrono24 UAE (simulated — site uses JS rendering, data schema mirrors live listings)"
C24-UAE-1064,IWC,Luxury,Aquatimer,REF-41979,2013,13,Vintage Adjacent (11-20y),Like New,17900.0,4869.0,Mid (10K-30K),Private Seller,0,Abu Dhabi,2025-06-18,"Chrono24 UAE (simulated — site uses JS rendering, data schema mirrors live listings)"
C24-UAE-1065,Cartier,Luxury,Ballon Bleu,REF-65724,1995,31,Vintage (20y+),Good,15300.0,4162.0,Mid (10K-30K),Private Seller,0,Abu Dhabi,2025-06-18,"Chrono24 UAE (simulated — site uses JS rendering, data schema mirrors live listings)"
C24-UAE-1066,Patek Philippe,Ultra Luxury,Complications 5396,REF-27477,1996,30,Vintage (20y+),Very Good,89100.0,24235.0,Luxury (75K-200K),Private Seller,0,Ajman,2025-06-18,"Chrono24 UAE (simulated — site uses JS rendering, data schema mirrors live listings)"
C24-UAE-1067,Cartier,Luxury,Ballon Bleu,REF-90301,2012,14,Vintage Adjacent (11-20y),Very Good,18000.0,4896.0,Mid (10K-30K),Private Seller,0,Ajman,2025-06-18,"Chrono24 UAE (simulated — site uses JS rendering, data schema mirrors live listings)"
C24-UAE-1068,Tudor,Accessible Luxury,Heritage Chrono,REF-43972,2009,17,Vintage Adjacent (11-20y),Good,4500.0,1224.0,Entry (<10K),Private Seller,0,Abu Dhabi,2025-06-18,"Chrono24 UAE (simulated — site uses JS rendering, data schema mirrors live listings)"
C24-UAE-1069,Tudor,Accessible Luxury,Heritage Chrono,REF-45992,2003,23,Vintage (20y+),Good,5400.0,1469.0,Entry (<10K),Dealer,1,Ajman,2025-06-18,"Chrono24 UAE (simulated — site uses JS rendering, data schema mirrors live listings)"
C24-UAE-1070,Omega,Premium,Constellation,REF-28136,2002,24,Vintage (20y+),Like New,10800.0,2938.0,Mid (10K-30K),Dealer,1,Abu Dhabi,2025-06-18,"Chrono24 UAE (simulated — site uses JS rendering, data schema mirrors live listings)"
C24-UAE-1071,Audemars Piguet,Ultra Luxury,Royal Oak Offshore,REF-53369,2017,9,Modern (6-10y),Like New,153700.0,41806.0,Luxury (75K-200K),Dealer,1,Ajman,2025-06-18,"Chrono24 UAE (simulated — site uses JS rendering, data schema mirrors live listings)"
C24-UAE-1072,IWC,Luxury,Portugieser Chronograph,REF-12560,2001,25,Vintage (20y+),Good,18400.0,5005.0,Mid (10K-30K),Dealer,1,Ajman,2025-06-18,"Chrono24 UAE (simulated — site uses JS rendering, data schema mirrors live listings)"
C24-UAE-1073,Breitling,Premium,Navitimer,REF-64921,2006,20,Vintage Adjacent (11-20y),Like New,18300.0,4978.0,Mid (10K-30K),Dealer,1,Abu Dhabi,2025-06-18,"Chrono24 UAE (simulated — site uses JS rendering, data schema mirrors live listings)"
C24-UAE-1074,Breitling,Premium,Navitimer,REF-99016,2003,23,Vintage (20y+),Very Good,8300.0,2258.0,Entry (<10K),Dealer,1,Ajman,2025-06-18,"Chrono24 UAE (simulated — site uses JS rendering, data schema mirrors live listings)"
C24-UAE-1075,Vacheron Constantin,Grand Complication,Overseas,REF-13534,2021,5,Recent (3-5y),Very Good,96900.0,26357.0,Luxury (75K-200K),Dealer,1,Ajman,2025-06-18,"Chrono24 UAE (simulated — site uses JS rendering, data schema mirrors live listings)"
C24-UAE-1076,Panerai,Luxury,Submersible,REF-70515,2016,10,Modern (6-10y),Unworn,9700.0,2638.0,Entry (<10K),Dealer,1,Abu Dhabi,2025-06-18,"Chrono24 UAE (simulated — site uses JS rendering, data schema mirrors live listings)"
C24-UAE-1077,Rolex,Luxury,Explorer II,REF-59692,2007,19,Vintage Adjacent (11-20y),Like New,52400.0,14253.0,Premium (30K-75K),Dealer,1,Sharjah,2025-06-18,"Chrono24 UAE (simulated — site uses JS rendering, data schema mirrors live listings)"
C24-UAE-1078,Jaeger-LeCoultre,Grand Complication,Master Ultra Thin,REF-16826,2003,23,Vintage (20y+),Good,23900.0,6501.0,Mid (10K-30K),Dealer,1,Sharjah,2025-06-18,"Chrono24 UAE (simulated — site uses JS rendering, data schema mirrors live listings)"
C24-UAE-1079,Audemars Piguet,Ultra Luxury,Royal Oak Concept,REF-42411,1997,29,Vintage (20y+),Good,178900.0,48661.0,Luxury (75K-200K),Private Seller,0,Abu Dhabi,2025-06-18,"Chrono24 UAE (simulated — site uses JS rendering, data schema mirrors live listings)"
C24-UAE-1080,Tudor,Accessible Luxury,Black Bay 58,REF-83920,2014,12,Vintage Adjacent (11-20y),Like New,7800.0,2122.0,Entry (<10K),Dealer,1,Abu Dhabi,2025-06-18,"Chrono24 UAE (simulated — site uses JS rendering, data schema mirrors live listings)"
C24-UAE-1081,Breitling,Premium,Chronomat,REF-25012,2003,23,Vintage (20y+),Good,10300.0,2802.0,Mid (10K-30K),Dealer,1,Abu Dhabi,2025-06-18,"Chrono24 UAE (simulated — site uses JS rendering, data schema mirrors live listings)"
C24-UAE-1082,Richard Mille,Ultra Luxury,RM 011,REF-59192,2013,13,Vintage Adjacent (11-20y),Unworn,345500.0,93976.0,Ultra Luxury (200K+),Dealer,1,Ajman,2025-06-18,"Chrono24 UAE (simulated — site uses JS rendering, data schema mirrors live listings)"
C24-UAE-1083,Vacheron Constantin,Grand Complication,Overseas,REF-49529,1997,29,Vintage (20y+),Very Good,33000.0,8976.0,Premium (30K-75K),Private Seller,0,Dubai,2025-06-18,"Chrono24 UAE (simulated — site uses JS rendering, data schema mirrors live listings)"
C24-UAE-1085,Rolex,Luxury,Oyster Perpetual 41,REF-70258,2021,5,Recent (3-5y),Very Good,48300.0,13138.0,Premium (30K-75K),Dealer,1,Abu Dhabi,2025-06-18,"Chrono24 UAE (simulated — site uses JS rendering, data schema mirrors live listings)"
C24-UAE-1086,IWC,Luxury,Portugieser Chronograph,REF-80539,2018,8,Modern (6-10y),Very Good,24900.0,6773.0,Mid (10K-30K),Private Seller,0,Ajman,2025-06-18,"Chrono24 UAE (simulated — site uses JS rendering, data schema mirrors live listings)"
C24-UAE-1087,Breitling,Premium,Superocean,REF-21359,2021,5,Recent (3-5y),Good,21200.0,5766.0,Mid (10K-30K),Dealer,1,Sharjah,2025-06-18,"Chrono24 UAE (simulated — site uses JS rendering, data schema mirrors live listings)"
C24-UAE-1088,Seiko,Accessible,Presage,REF-54092,2002,24,Vintage (20y+),Good,2100.0,571.0,Entry (<10K),Dealer,1,Dubai,2025-06-18,"Chrono24 UAE (simulated — site uses JS rendering, data schema mirrors live listings)"
C24-UAE-1089,Breitling,Premium,Superocean,REF-46655,2000,26,Vintage (20y+),Very Good,7200.0,1958.0,Entry (<10K),Dealer,1,Sharjah,2025-06-18,"Chrono24 UAE (simulated — site uses JS rendering, data schema mirrors live listings)"
C24-UAE-1090,Tag Heuer,Accessible Luxury,Carrera,REF-74038,2011,15,Vintage Adjacent (11-20y),Fair,5700.0,1550.0,Entry (<10K),Dealer,1,Abu Dhabi,2025-06-18,"Chrono24 UAE (simulated — site uses JS rendering, data schema mirrors live listings)"
C24-UAE-1091,Vacheron Constantin,Grand Complication,Patrimony,REF-48566,2015,11,Vintage Adjacent (11-20y),Good,15900.0,4325.0,Mid (10K-30K),Dealer,1,Abu Dhabi,2025-06-18,"Chrono24 UAE (simulated — site uses JS rendering, data schema mirrors live listings)"
C24-UAE-1092,IWC,Luxury,Aquatimer,REF-79588,2002,24,Vintage (20y+),Like New,17400.0,4733.0,Mid (10K-30K),Dealer,1,Sharjah,2025-06-18,"Chrono24 UAE (simulated — site uses JS rendering, data schema mirrors live listings)"
C24-UAE-1093,IWC,Luxury,Aquatimer,REF-42951,2012,14,Vintage Adjacent (11-20y),Like New,12500.0,3400.0,Mid (10K-30K),Private Seller,0,Abu Dhabi,2025-06-18,"Chrono24 UAE (simulated — site uses JS rendering, data schema mirrors live listings)"
C24-UAE-1094,Omega,Premium,Seamaster 300M,REF-34267,2005,21,Vintage (20y+),Like New,14100.0,3835.0,Mid (10K-30K),Dealer,1,Abu Dhabi,2025-06-18,"Chrono24 UAE (simulated — site uses JS rendering, data schema mirrors live listings)"
C24-UAE-1095,Audemars Piguet,Ultra Luxury,Royal Oak Concept,REF-88222,2010,16,Vintage Adjacent (11-20y),Like New,240100.0,65307.0,Ultra Luxury (200K+),Dealer,1,Sharjah,2025-06-18,"Chrono24 UAE (simulated — site uses JS rendering, data schema mirrors live listings)"
C24-UAE-1096,Omega,Premium,Seamaster 300M,REF-80010,2004,22,Vintage (20y+),Like New,3200.0,870.0,Entry (<10K),Dealer,1,Abu Dhabi,2025-06-18,"Chrono24 UAE (simulated — site uses JS rendering, data schema mirrors live listings)"
C24-UAE-1097,Richard Mille,Ultra Luxury,RM 011,REF-74340,1996,30,Vintage (20y+),Very Good,107700.0,29294.0,Luxury (75K-200K),Private Seller,0,Dubai,2025-06-18,"Chrono24 UAE (simulated — site uses JS rendering, data schema mirrors live listings)"
C24-UAE-1098,Tudor,Accessible Luxury,Black Bay 58,REF-16734,2013,13,Vintage Adjacent (11-20y),Like New,5100.0,1387.0,Entry (<10K),Dealer,1,Sharjah,2025-06-18,"Chrono24 UAE (simulated — site uses JS rendering, data schema mirrors live listings)"
C24-UAE-1099,Tudor,Accessible Luxury,Pelagos,REF-92502,1998,28,Vintage (20y+),Good,2300.0,626.0,Entry (<10K),Dealer,1,Dubai,2025-06-18,"Chrono24 UAE (simulated — site uses JS rendering, data schema mirrors live listings)"
C24-UAE-1100,Patek Philippe,Ultra Luxury,Aquanaut 5167,REF-25525,2020,6,Modern (6-10y),Very Good,350200.0,95254.0,Ultra Luxury (200K+),Dealer,1,Ajman,2025-06-18,"Chrono24 UAE (simulated — site uses JS rendering, data schema mirrors live listings)"
C24-UAE-1101,Panerai,Luxury,Submersible,REF-68028,2020,6,Modern (6-10y),Very Good,16900.0,4597.0,Mid (10K-30K),Private Seller,0,Sharjah,2025-06-18,"Chrono24 UAE (simulated — site uses JS rendering, data schema mirrors live listings)"
C24-UAE-1102,Tudor,Accessible Luxury,Heritage Chrono,REF-23006,2008,18,Vintage Adjacent (11-20y),Like New,7100.0,1931.0,Entry (<10K),Dealer,1,Abu Dhabi,2025-06-18,"Chrono24 UAE (simulated — site uses JS rendering, data schema mirrors live listings)"
C24-UAE-1103,Cartier,Luxury,Santos,REF-19838,2003,23,Vintage (20y+),Good,5400.0,1469.0,Entry (<10K),Dealer,1,Abu Dhabi,2025-06-18,"Chrono24 UAE (simulated — site uses JS rendering, data schema mirrors live listings)"
C24-UAE-1104,Rolex,Luxury,Oyster Perpetual 41,REF-47762,2009,17,Vintage Adjacent (11-20y),Good,16000.0,4352.0,Mid (10K-30K),Dealer,1,Sharjah,2025-06-18,"Chrono24 UAE (simulated — site uses JS rendering, data schema mirrors live listings)"
C24-UAE-1105,Vacheron Constantin,Grand Complication,Patrimony,REF-91927,1997,29,Vintage (20y+),Good,61900.0,16837.0,Premium (30K-75K),Private Seller,0,Abu Dhabi,2025-06-18,"Chrono24 UAE (simulated — site uses JS rendering, data schema mirrors live listings)"
C24-UAE-1106,IWC,Luxury,Portugieser Chronograph,REF-28643,2012,14,Vintage Adjacent (11-20y),Like New,12400.0,3373.0,Mid (10K-30K),Dealer,1,Dubai,2025-06-18,"Chrono24 UAE (simulated — site uses JS rendering, data schema mirrors live listings)"
C24-UAE-1107,Rolex,Luxury,GMT-Master II,126710BLRO,2020,6,Modern (6-10y),Like New,76100.0,20699.0,Luxury (75K-200K),Private Seller,0,Ajman,2025-06-18,"Chrono24 UAE (simulated — site uses JS rendering, data schema mirrors live listings)"
C24-UAE-1108,Omega,Premium,De Ville,REF-80776,2017,9,Modern (6-10y),Like New,8900.0,2421.0,Entry (<10K),Dealer,1,Ajman,2025-06-18,"Chrono24 UAE (simulated — site uses JS rendering, data schema mirrors live listings)"
C24-UAE-1109,Breitling,Premium,Navitimer,REF-42816,2014,12,Vintage Adjacent (11-20y),Unworn,10000.0,2720.0,Entry (<10K),Dealer,1,Dubai,2025-06-18,"Chrono24 UAE (simulated — site uses JS rendering, data schema mirrors live listings)"
C24-UAE-1110,Omega,Premium,Seamaster 300M,REF-98117,2016,10,Modern (6-10y),Good,15100.0,4107.0,Mid (10K-30K),Dealer,1,Sharjah,2025-06-18,"Chrono24 UAE (simulated — site uses JS rendering, data schema mirrors live listings)"
C24-UAE-1111,Panerai,Luxury,Luminor Marina,REF-46458,2019,7,Modern (6-10y),Good,19500.0,5304.0,Mid (10K-30K),Dealer,1,Abu Dhabi,2025-06-18,"Chrono24 UAE (simulated — site uses JS rendering, data schema mirrors live listings)"
C24-UAE-1112,Panerai,Luxury,Radiomir,REF-63523,2015,11,Vintage Adjacent (11-20y),Good,12100.0,3291.0,Mid (10K-30K),Private Seller,0,Sharjah,2025-06-18,"Chrono24 UAE (simulated — site uses JS rendering, data schema mirrors live listings)"
C24-UAE-1113,Hublot,Luxury,Spirit of Big Bang,REF-47777,1998,28,Vintage (20y+),Good,41100.0,11179.0,Premium (30K-75K),Dealer,1,Ajman,2025-06-18,"Chrono24 UAE (simulated — site uses JS rendering, data schema mirrors live listings)"
C24-UAE-1114,Tudor,Accessible Luxury,Heritage Chrono,REF-62976,1996,30,Vintage (20y+),Very Good,4300.0,1170.0,Entry (<10K),Dealer,1,Dubai,2025-06-18,"Chrono24 UAE (simulated — site uses JS rendering, data schema mirrors live listings)"
C24-UAE-1115,Cartier,Luxury,Ballon Bleu,REF-75338,2009,17,Vintage Adjacent (11-20y),Very Good,9400.0,2557.0,Entry (<10K),Dealer,1,Ajman,2025-06-18,"Chrono24 UAE (simulated — site uses JS rendering, data schema mirrors live listings)"
C24-UAE-1116,Jaeger-LeCoultre,Grand Complication,Reverso,REF-73532,2001,25,Vintage (20y+),Like New,16900.0,4597.0,Mid (10K-30K),Dealer,1,Dubai,2025-06-18,"Chrono24 UAE (simulated — site uses JS rendering, data schema mirrors live listings)"
C24-UAE-1118,Tudor,Accessible Luxury,Black Bay 58,REF-48254,2009,17,Vintage Adjacent (11-20y),Fair,2200.0,598.0,Entry (<10K),Dealer,1,Sharjah,2025-06-18,"Chrono24 UAE (simulated — site uses JS rendering, data schema mirrors live listings)"
C24-UAE-1119,IWC,Luxury,Pilot Mark XVIII,REF-88561,2010,16,Vintage Adjacent (11-20y),Like New,15200.0,4134.0,Mid (10K-30K),Dealer,1,Abu Dhabi,2025-06-18,"Chrono24 UAE (simulated — site uses JS rendering, data schema mirrors live listings)"
C24-UAE-1120,Tudor,Accessible Luxury,Black Bay 58,REF-76550,2003,23,Vintage (20y+),Good,3800.0,1034.0,Entry (<10K),Private Seller,0,Sharjah,2025-06-18,"Chrono24 UAE (simulated — site uses JS rendering, data schema mirrors live listings)"
C24-UAE-1121,Tudor,Accessible Luxury,Black Bay 58,REF-96499,2004,22,Vintage (20y+),Good,5100.0,1387.0,Entry (<10K),Private Seller,0,Ajman,2025-06-18,"Chrono24 UAE (simulated — site uses JS rendering, data schema mirrors live listings)"
C24-UAE-1122,Tudor,Accessible Luxury,Black Bay 58,REF-81228,2009,17,Vintage Adjacent (11-20y),Very Good,5800.0,1578.0,Entry (<10K),Dealer,1,Ajman,2025-06-18,"Chrono24 UAE (simulated — site uses JS rendering, data schema mirrors live listings)"
C24-UAE-1123,Breitling,Premium,Superocean,REF-40613,2022,4,Recent (3-5y),Like New,22100.0,6011.0,Mid (10K-30K),Private Seller,0,Ajman,2025-06-18,"Chrono24 UAE (simulated — site uses JS rendering, data schema mirrors live listings)"
C24-UAE-1124,Rolex,Luxury,Daytona,REF-96991,2018,8,Modern (6-10y),Very Good,50100.0,13627.0,Premium (30K-75K),Private Seller,0,Abu Dhabi,2025-06-18,"Chrono24 UAE (simulated — site uses JS rendering, data schema mirrors live listings)"
C24-UAE-1125,Breitling,Premium,Navitimer,REF-67711,1999,27,Vintage (20y+),Very Good,15800.0,4298.0,Mid (10K-30K),Dealer,1,Dubai,2025-06-18,"Chrono24 UAE (simulated — site uses JS rendering, data schema mirrors live listings)"
C24-UAE-1126,Tag Heuer,Accessible Luxury,Monaco,REF-30232,1995,31,Vintage (20y+),Good,6700.0,1822.0,Entry (<10K),Dealer,1,Dubai,2025-06-18,"Chrono24 UAE (simulated — site uses JS rendering, data schema mirrors live listings)"
C24-UAE-1127,Breitling,Premium,Superocean,REF-53065,2005,21,Vintage (20y+),Very Good,4700.0,1278.0,Entry (<10K),Dealer,1,Ajman,2025-06-18,"Chrono24 UAE (simulated — site uses JS rendering, data schema mirrors live listings)"
C24-UAE-1128,Hublot,Luxury,Spirit of Big Bang,REF-90931,2017,9,Modern (6-10y),Good,42900.0,11669.0,Premium (30K-75K),Dealer,1,Dubai,2025-06-18,"Chrono24 UAE (simulated — site uses JS rendering, data schema mirrors live listings)"
C24-UAE-1129,Audemars Piguet,Ultra Luxury,Royal Oak Concept,REF-66881,2016,10,Modern (6-10y),Fair,142000.0,38624.0,Luxury (75K-200K),Private Seller,0,Dubai,2025-06-18,"Chrono24 UAE (simulated — site uses JS rendering, data schema mirrors live listings)"
C24-UAE-1130,Jaeger-LeCoultre,Grand Complication,Polaris,REF-13794,2017,9,Modern (6-10y),Good,28900.0,7861.0,Mid (10K-30K),Dealer,1,Dubai,2025-06-18,"Chrono24 UAE (simulated — site uses JS rendering, data schema mirrors live listings)"
C24-UAE-1131,Hublot,Luxury,Big Bang,411.CM.1180.RX,2004,22,Vintage (20y+),Very Good,22100.0,6011.0,Mid (10K-30K),Dealer,1,Abu Dhabi,2025-06-18,"Chrono24 UAE (simulated — site uses JS rendering, data schema mirrors live listings)"
C24-UAE-1132,Patek Philippe,Ultra Luxury,Aquanaut 5167,REF-75230,1997,29,Vintage (20y+),Very Good,257200.0,69958.0,Ultra Luxury (200K+),Dealer,1,Abu Dhabi,2025-06-18,"Chrono24 UAE (simulated — site uses JS rendering, data schema mirrors live listings)"
C24-UAE-1133,Audemars Piguet,Ultra Luxury,Royal Oak Offshore,REF-70981,2015,11,Vintage Adjacent (11-20y),Like New,52300.0,14226.0,Premium (30K-75K),Dealer,1,Sharjah,2025-06-18,"Chrono24 UAE (simulated — site uses JS rendering, data schema mirrors live listings)"
C24-UAE-1134,Cartier,Luxury,Ballon Bleu,REF-49210,2000,26,Vintage (20y+),Unworn,23400.0,6365.0,Mid (10K-30K),Private Seller,0,Ajman,2025-06-18,"Chrono24 UAE (simulated — site uses JS rendering, data schema mirrors live listings)"
C24-UAE-1135,Vacheron Constantin,Grand Complication,Patrimony,REF-73335,2009,17,Vintage Adjacent (11-20y),Good,36900.0,10037.0,Premium (30K-75K),Dealer,1,Dubai,2025-06-18,"Chrono24 UAE (simulated — site uses JS rendering, data schema mirrors live listings)"
C24-UAE-1136,Audemars Piguet,Ultra Luxury,Royal Oak Offshore,REF-12875,2013,13,Vintage Adjacent (11-20y),Very Good,197800.0,53802.0,Luxury (75K-200K),Dealer,1,Ajman,2025-06-18,"Chrono24 UAE (simulated — site uses JS rendering, data schema mirrors live listings)"
C24-UAE-1137,Richard Mille,Ultra Luxury,RM 011,REF-89482,2013,13,Vintage Adjacent (11-20y),Good,200600.0,54563.0,Ultra Luxury (200K+),Private Seller,0,Ajman,2025-06-18,"Chrono24 UAE (simulated — site uses JS rendering, data schema mirrors live listings)"
C24-UAE-1138,Tudor,Accessible Luxury,Pelagos,REF-93442,2019,7,Modern (6-10y),Good,5600.0,1523.0,Entry (<10K),Dealer,1,Abu Dhabi,2025-06-18,"Chrono24 UAE (simulated — site uses JS rendering, data schema mirrors live listings)"
C24-UAE-1139,Panerai,Luxury,Radiomir,REF-27927,2016,10,Modern (6-10y),Good,16800.0,4570.0,Mid (10K-30K),Private Seller,0,Dubai,2025-06-18,"Chrono24 UAE (simulated — site uses JS rendering, data schema mirrors live listings)"
C24-UAE-1140,Seiko,Accessible,Astron,REF-57823,2015,11,Vintage Adjacent (11-20y),Unworn,600.0,163.0,Entry (<10K),Private Seller,0,Abu Dhabi,2025-06-18,"Chrono24 UAE (simulated — site uses JS rendering, data schema mirrors live listings)"
C24-UAE-1141,Omega,Premium,Constellation,REF-80701,2005,21,Vintage (20y+),Good,3700.0,1006.0,Entry (<10K),Dealer,1,Sharjah,2025-06-18,"Chrono24 UAE (simulated — site uses JS rendering, data schema mirrors live listings)"
C24-UAE-1142,Tag Heuer,Accessible Luxury,Aquaracer,REF-73156,2024,2,Nearly New (0-2y),Like New,21300.0,5794.0,Mid (10K-30K),Dealer,1,Sharjah,2025-06-18,"Chrono24 UAE (simulated — site uses JS rendering, data schema mirrors live listings)"
C24-UAE-1143,Vacheron Constantin,Grand Complication,Patrimony,REF-39571,2020,6,Modern (6-10y),Like New,44300.0,12050.0,Premium (30K-75K),Private Seller,0,Ajman,2025-06-18,"Chrono24 UAE (simulated — site uses JS rendering, data schema mirrors live listings)"
C24-UAE-1144,Tudor,Accessible Luxury,Heritage Chrono,REF-26199,2006,20,Vintage Adjacent (11-20y),Unworn,4700.0,1278.0,Entry (<10K),Dealer,1,Ajman,2025-06-18,"Chrono24 UAE (simulated — site uses JS rendering, data schema mirrors live listings)"
C24-UAE-1145,Hublot,Luxury,Spirit of Big Bang,REF-58689,2018,8,Modern (6-10y),Good,64500.0,17544.0,Premium (30K-75K),Dealer,1,Dubai,2025-06-18,"Chrono24 UAE (simulated — site uses JS rendering, data schema mirrors live listings)"
C24-UAE-1146,Cartier,Luxury,Santos,REF-89964,2010,16,Vintage Adjacent (11-20y),Unworn,15100.0,4107.0,Mid (10K-30K),Private Seller,0,Abu Dhabi,2025-06-18,"Chrono24 UAE (simulated — site uses JS rendering, data schema mirrors live listings)"
C24-UAE-1147,Cartier,Luxury,Santos,REF-63516,2015,11,Vintage Adjacent (11-20y),Good,8100.0,2203.0,Entry (<10K),Private Seller,0,Dubai,2025-06-18,"Chrono24 UAE (simulated — site uses JS rendering, data schema mirrors live listings)"
C24-UAE-1148,Patek Philippe,Ultra Luxury,Nautilus 5711,5711/1A-010,1996,30,Vintage (20y+),Like New,93000.0,25296.0,Luxury (75K-200K),Dealer,1,Abu Dhabi,2025-06-18,"Chrono24 UAE (simulated — site uses JS rendering, data schema mirrors live listings)"
C24-UAE-1149,IWC,Luxury,Pilot Mark XVIII,REF-64935,2006,20,Vintage Adjacent (11-20y),Good,21500.0,5848.0,Mid (10K-30K),Private Seller,0,Abu Dhabi,2025-06-18,"Chrono24 UAE (simulated — site uses JS rendering, data schema mirrors live listings)"
C24-UAE-1150,Seiko,Accessible,Presage,REF-46666,2015,11,Vintage Adjacent (11-20y),Unworn,2200.0,598.0,Entry (<10K),Dealer,1,Dubai,2025-06-18,"Chrono24 UAE (simulated — site uses JS rendering, data schema mirrors live listings)"
C24-UAE-1151,Vacheron Constantin,Grand Complication,Patrimony,REF-23022,2001,25,Vintage (20y+),Very Good,77500.0,21080.0,Luxury (75K-200K),Private Seller,0,Sharjah,2025-06-18,"Chrono24 UAE (simulated — site uses JS rendering, data schema mirrors live listings)"
C24-UAE-1152,Tag Heuer,Accessible Luxury,Aquaracer,REF-69600,2006,20,Vintage Adjacent (11-20y),Unworn,12800.0,3482.0,Mid (10K-30K),Dealer,1,Dubai,2025-06-18,"Chrono24 UAE (simulated — site uses JS rendering, data schema mirrors live listings)"
C24-UAE-1153,Cartier,Luxury,Santos,REF-53713,2015,11,Vintage Adjacent (11-20y),Very Good,4900.0,1333.0,Entry (<10K),Private Seller,0,Abu Dhabi,2025-06-18,"Chrono24 UAE (simulated — site uses JS rendering, data schema mirrors live listings)"
C24-UAE-1154,Patek Philippe,Ultra Luxury,Aquanaut 5167,REF-40539,1997,29,Vintage (20y+),Good,194500.0,52904.0,Luxury (75K-200K),Dealer,1,Sharjah,2025-06-18,"Chrono24 UAE (simulated — site uses JS rendering, data schema mirrors live listings)"
C24-UAE-1156,Tag Heuer,Accessible Luxury,Monaco,REF-11947,2020,6,Modern (6-10y),Like New,3500.0,952.0,Entry (<10K),Private Seller,0,Sharjah,2025-06-18,"Chrono24 UAE (simulated — site uses JS rendering, data schema mirrors live listings)"
C24-UAE-1157,Jaeger-LeCoultre,Grand Complication,Reverso,REF-65176,2013,13,Vintage Adjacent (11-20y),Like New,9200.0,2502.0,Entry (<10K),Dealer,1,Dubai,2025-06-18,"Chrono24 UAE (simulated — site uses JS rendering, data schema mirrors live listings)"
C24-UAE-1158,Vacheron Constantin,Grand Complication,Overseas,REF-69245,2010,16,Vintage Adjacent (11-20y),Very Good,58500.0,15912.0,Premium (30K-75K),Dealer,1,Abu Dhabi,2025-06-18,"Chrono24 UAE (simulated — site uses JS rendering, data schema mirrors live listings)"
C24-UAE-1159,Panerai,Luxury,Luminor Marina,REF-70036,2018,8,Modern (6-10y),Good,15700.0,4270.0,Mid (10K-30K),Private Seller,0,Dubai,2025-06-18,"Chrono24 UAE (simulated — site uses JS rendering, data schema mirrors live listings)"
C24-UAE-1160,Rolex,Luxury,Sky-Dweller,REF-68138,2022,4,Recent (3-5y),Very Good,59800.0,16266.0,Premium (30K-75K),Private Seller,0,Dubai,2025-06-18,"Chrono24 UAE (simulated — site uses JS rendering, data schema mirrors live listings)"
C24-UAE-1161,Seiko,Accessible,Prospex,REF-92978,2005,21,Vintage (20y+),Very Good,1200.0,326.0,Entry (<10K),Dealer,1,Sharjah,2025-06-18,"Chrono24 UAE (simulated — site uses JS rendering, data schema mirrors live listings)"
C24-UAE-1162,IWC,Luxury,Aquatimer,REF-24996,2011,15,Vintage Adjacent (11-20y),Like New,16300.0,4434.0,Mid (10K-30K),Dealer,1,Abu Dhabi,2025-06-18,"Chrono24 UAE (simulated — site uses JS rendering, data schema mirrors live listings)"
C24-UAE-1163,IWC,Luxury,Pilot Mark XVIII,REF-64524,2023,3,Recent (3-5y),Like New,29700.0,8078.0,Mid (10K-30K),Dealer,1,Dubai,2025-06-18,"Chrono24 UAE (simulated — site uses JS rendering, data schema mirrors live listings)"
C24-UAE-1164,Hublot,Luxury,Classic Fusion,REF-72163,2005,21,Vintage (20y+),Good,14300.0,3890.0,Mid (10K-30K),Dealer,1,Dubai,2025-06-18,"Chrono24 UAE (simulated — site uses JS rendering, data schema mirrors live listings)"
C24-UAE-1165,Omega,Premium,Speedmaster Professional,311.30.42.30.01.005,1997,29,Vintage (20y+),Very Good,7400.0,2013.0,Entry (<10K),Private Seller,0,Dubai,2025-06-18,"Chrono24 UAE (simulated — site uses JS rendering, data schema mirrors live listings)"
C24-UAE-1166,Panerai,Luxury,Submersible,REF-97207,2012,14,Vintage Adjacent (11-20y),Like New,12100.0,3291.0,Mid (10K-30K),Dealer,1,Ajman,2025-06-18,"Chrono24 UAE (simulated — site uses JS rendering, data schema mirrors live listings)"
C24-UAE-1167,Tudor,Accessible Luxury,Heritage Chrono,REF-85748,1996,30,Vintage (20y+),Fair,3100.0,843.0,Entry (<10K),Dealer,1,Abu Dhabi,2025-06-18,"Chrono24 UAE (simulated — site uses JS rendering, data schema mirrors live listings)"
C24-UAE-1168,Patek Philippe,Ultra Luxury,Complications 5396,REF-25058,2002,24,Vintage (20y+),Good,186800.0,50810.0,Luxury (75K-200K),Dealer,1,Sharjah,2025-06-18,"Chrono24 UAE (simulated — site uses JS rendering, data schema mirrors live listings)"
C24-UAE-1169,Panerai,Luxury,Luminor Marina,REF-91490,2020,6,Modern (6-10y),Very Good,27200.0,7398.0,Mid (10K-30K),Dealer,1,Dubai,2025-06-18,"Chrono24 UAE (simulated — site uses JS rendering, data schema mirrors live listings)"
C24-UAE-1170,Panerai,Luxury,Submersible,REF-50499,2021,5,Recent (3-5y),Good,12600.0,3427.0,Mid (10K-30K),Dealer,1,Sharjah,2025-06-18,"Chrono24 UAE (simulated — site uses JS rendering, data schema mirrors live listings)"
C24-UAE-1171,Hublot,Luxury,Big Bang,411.CM.1180.RX,2000,26,Vintage (20y+),Good,26600.0,7235.0,Mid (10K-30K),Dealer,1,Dubai,2025-06-18,"Chrono24 UAE (simulated — site uses JS rendering, data schema mirrors live listings)"
C24-UAE-1173,Jaeger-LeCoultre,Grand Complication,Polaris,REF-90981,2014,12,Vintage Adjacent (11-20y),Unworn,13800.0,3754.0,Mid (10K-30K),Dealer,1,Dubai,2025-06-18,"Chrono24 UAE (simulated — site uses JS rendering, data schema mirrors live listings)"
C24-UAE-1174,Cartier,Luxury,Santos,REF-64287,2003,23,Vintage (20y+),Very Good,13400.0,3645.0,Mid (10K-30K),Dealer,1,Sharjah,2025-06-18,"Chrono24 UAE (simulated — site uses JS rendering, data schema mirrors live listings)"
C24-UAE-1175,Audemars Piguet,Ultra Luxury,Royal Oak Concept,REF-87743,1998,28,Vintage (20y+),Like New,219600.0,59731.0,Ultra Luxury (200K+),Dealer,1,Ajman,2025-06-18,"Chrono24 UAE (simulated — site uses JS rendering, data schema mirrors live listings)"
C24-UAE-1176,Tag Heuer,Accessible Luxury,Aquaracer,REF-11007,2004,22,Vintage (20y+),Unworn,8700.0,2366.0,Entry (<10K),Dealer,1,Abu Dhabi,2025-06-18,"Chrono24 UAE (simulated — site uses JS rendering, data schema mirrors live listings)"
C24-UAE-1177,Richard Mille,Ultra Luxury,RM 055,REF-11013,2019,7,Modern (6-10y),Like New,285200.0,77574.0,Ultra Luxury (200K+),Dealer,1,Ajman,2025-06-18,"Chrono24 UAE (simulated — site uses JS rendering, data schema mirrors live listings)"
C24-UAE-1178,Vacheron Constantin,Grand Complication,Patrimony,REF-83233,2000,26,Vintage (20y+),Like New,36500.0,9928.0,Premium (30K-75K),Dealer,1,Sharjah,2025-06-18,"Chrono24 UAE (simulated — site uses JS rendering, data schema mirrors live listings)"
C24-UAE-1179,Omega,Premium,De Ville,REF-20205,2022,4,Recent (3-5y),Good,12200.0,3318.0,Mid (10K-30K),Dealer,1,Sharjah,2025-06-18,"Chrono24 UAE (simulated — site uses JS rendering, data schema mirrors live listings)"
C24-UAE-1180,Panerai,Luxury,Radiomir,REF-63088,2013,13,Vintage Adjacent (11-20y),Very Good,14700.0,3998.0,Mid (10K-30K),Dealer,1,Dubai,2025-06-18,"Chrono24 UAE (simulated — site uses JS rendering, data schema mirrors live listings)"
C24-UAE-1181,Hublot,Luxury,Big Bang,411.CM.1180.RX,2020,6,Modern (6-10y),Fair,49700.0,13518.0,Premium (30K-75K),Dealer,1,Dubai,2025-06-18,"Chrono24 UAE (simulated — site uses JS rendering, data schema mirrors live listings)"
C24-UAE-1182,IWC,Luxury,Portugieser Chronograph,REF-50668,2002,24,Vintage (20y+),Very Good,6900.0,1877.0,Entry (<10K),Dealer,1,Sharjah,2025-06-18,"Chrono24 UAE (simulated — site uses JS rendering, data schema mirrors live listings)"
C24-UAE-1183,Audemars Piguet,Ultra Luxury,Royal Oak Offshore,REF-76840,2019,7,Modern (6-10y),Like New,78500.0,21352.0,Luxury (75K-200K),Dealer,1,Abu Dhabi,2025-06-18,"Chrono24 UAE (simulated — site uses JS rendering, data schema mirrors live listings)"
C24-UAE-1184,Seiko,Accessible,Presage,REF-40968,2006,20,Vintage Adjacent (11-20y),Good,2500.0,680.0,Entry (<10K),Private Seller,0,Dubai,2025-06-18,"Chrono24 UAE (simulated — site uses JS rendering, data schema mirrors live listings)"
C24-UAE-1185,Patek Philippe,Ultra Luxury,Calatrava,REF-19876,2001,25,Vintage (20y+),Like New,318100.0,86523.0,Ultra Luxury (200K+),Dealer,1,Abu Dhabi,2025-06-18,"Chrono24 UAE (simulated — site uses JS rendering, data schema mirrors live listings)"
C24-UAE-1186,Jaeger-LeCoultre,Grand Complication,Polaris,REF-99277,2010,16,Vintage Adjacent (11-20y),Very Good,23200.0,6310.0,Mid (10K-30K),Dealer,1,Sharjah,2025-06-18,"Chrono24 UAE (simulated — site uses JS rendering, data schema mirrors live listings)"
C24-UAE-1187,Tudor,Accessible Luxury,Heritage Chrono,REF-49691,2005,21,Vintage (20y+),Like New,5800.0,1578.0,Entry (<10K),Dealer,1,Sharjah,2025-06-18,"Chrono24 UAE (simulated — site uses JS rendering, data schema mirrors live listings)"
C24-UAE-1188,Panerai,Luxury,Luminor Marina,REF-17456,2006,20,Vintage Adjacent (11-20y),Very Good,12400.0,3373.0,Mid (10K-30K),Dealer,1,Sharjah,2025-06-18,"Chrono24 UAE (simulated — site uses JS rendering, data schema mirrors live listings)"
C24-UAE-1189,Tudor,Accessible Luxury,Pelagos,REF-87867,1997,29,Vintage (20y+),Very Good,2800.0,762.0,Entry (<10K),Private Seller,0,Ajman,2025-06-18,"Chrono24 UAE (simulated — site uses JS rendering, data schema mirrors live listings)"
C24-UAE-1190,Breitling,Premium,Chronomat,REF-84928,2012,14,Vintage Adjacent (11-20y),Fair,2800.0,762.0,Entry (<10K),Private Seller,0,Abu Dhabi,2025-06-18,"Chrono24 UAE (simulated — site uses JS rendering, data schema mirrors live listings)"
C24-UAE-1191,Hublot,Luxury,Spirit of Big Bang,REF-55015,2010,16,Vintage Adjacent (11-20y),Very Good,34100.0,9275.0,Premium (30K-75K),Private Seller,0,Dubai,2025-06-18,"Chrono24 UAE (simulated — site uses JS rendering, data schema mirrors live listings)"
C24-UAE-1192,Tag Heuer,Accessible Luxury,Aquaracer,REF-78690,2000,26,Vintage (20y+),Unworn,13000.0,3536.0,Mid (10K-30K),Private Seller,0,Abu Dhabi,2025-06-18,"Chrono24 UAE (simulated — site uses JS rendering, data schema mirrors live listings)"
C24-UAE-1193,Hublot,Luxury,Classic Fusion,REF-88366,2024,2,Nearly New (0-2y),Like New,57700.0,15694.0,Premium (30K-75K),Dealer,1,Dubai,2025-06-18,"Chrono24 UAE (simulated — site uses JS rendering, data schema mirrors live listings)"
C24-UAE-1194,Jaeger-LeCoultre,Grand Complication,Polaris,REF-60667,2015,11,Vintage Adjacent (11-20y),Like New,28700.0,7806.0,Mid (10K-30K),Dealer,1,Sharjah,2025-06-18,"Chrono24 UAE (simulated — site uses JS rendering, data schema mirrors live listings)"
C24-UAE-1195,Richard Mille,Ultra Luxury,RM 055,REF-50662,2005,21,Vintage (20y+),Unworn,439700.0,119598.0,Ultra Luxury (200K+),Private Seller,0,Ajman,2025-06-18,"Chrono24 UAE (simulated — site uses JS rendering, data schema mirrors live listings)"
C24-UAE-1196,Patek Philippe,Ultra Luxury,Nautilus 5711,5711/1A-010,2004,22,Vintage (20y+),Very Good,151100.0,41099.0,Luxury (75K-200K),Dealer,1,Dubai,2025-06-18,"Chrono24 UAE (simulated — site uses JS rendering, data schema mirrors live listings)"
C24-UAE-1197,Cartier,Luxury,Ballon Bleu,REF-38074,2008,18,Vintage Adjacent (11-20y),Very Good,8500.0,2312.0,Entry (<10K),Dealer,1,Sharjah,2025-06-18,"Chrono24 UAE (simulated — site uses JS rendering, data schema mirrors live listings)"
C24-UAE-1198,Jaeger-LeCoultre,Grand Complication,Master Ultra Thin,REF-23256,2001,25,Vintage (20y+),Like New,10000.0,2720.0,Entry (<10K),Dealer,1,Dubai,2025-06-18,"Chrono24 UAE (simulated — site uses JS rendering, data schema mirrors live listings)"
C24-UAE-1199,Cartier,Luxury,Tank,REF-31266,2023,3,Recent (3-5y),Good,14500.0,3944.0,Mid (10K-30K),Dealer,1,Abu Dhabi,2025-06-18,"Chrono24 UAE (simulated — site uses JS rendering, data schema mirrors live listings)"
C24-UAE-1200,Tudor,Accessible Luxury,Heritage Chrono,REF-15726,2019,7,Modern (6-10y),Very Good,10000.0,2720.0,Entry (<10K),Private Seller,0,Ajman,2025-06-18,"Chrono24 UAE (simulated — site uses JS rendering, data schema mirrors live listings)"
C24-UAE-1201,Hublot,Luxury,Spirit of Big Bang,REF-68841,2018,8,Modern (6-10y),Like New,37800.0,10282.0,Premium (30K-75K),Dealer,1,Abu Dhabi,2025-06-18,"Chrono24 UAE (simulated — site uses JS rendering, data schema mirrors live listings)"
C24-UAE-1202,Tag Heuer,Accessible Luxury,Carrera,REF-35430,2004,22,Vintage (20y+),Fair,6900.0,1877.0,Entry (<10K),Private Seller,0,Sharjah,2025-06-18,"Chrono24 UAE (simulated — site uses JS rendering, data schema mirrors live listings)"
C24-UAE-1203,Cartier,Luxury,Ballon Bleu,REF-79135,2009,17,Vintage Adjacent (11-20y),Very Good,9700.0,2638.0,Entry (<10K),Dealer,1,Ajman,2025-06-18,"Chrono24 UAE (simulated — site uses JS rendering, data schema mirrors live listings)"
C24-UAE-1204,Patek Philippe,Ultra Luxury,Aquanaut 5167,REF-72991,2020,6,Modern (6-10y),Very Good,68400.0,18605.0,Premium (30K-75K),Private Seller,0,Sharjah,2025-06-18,"Chrono24 UAE (simulated — site uses JS rendering, data schema mirrors live listings)"
C24-UAE-1205,Tag Heuer,Accessible Luxury,Carrera,REF-31012,2017,9,Modern (6-10y),Good,4800.0,1306.0,Entry (<10K),Private Seller,0,Sharjah,2025-06-18,"Chrono24 UAE (simulated — site uses JS rendering, data schema mirrors live listings)"
C24-UAE-1206,Breitling,Premium,Chronomat,REF-69130,1999,27,Vintage (20y+),Good,13900.0,3781.0,Mid (10K-30K),Dealer,1,Sharjah,2025-06-18,"Chrono24 UAE (simulated — site uses JS rendering, data schema mirrors live listings)"
C24-UAE-1207,Seiko,Accessible,Prospex,REF-20696,2008,18,Vintage Adjacent (11-20y),Unworn,1300.0,354.0,Entry (<10K),Dealer,1,Sharjah,2025-06-18,"Chrono24 UAE (simulated — site uses JS rendering, data schema mirrors live listings)"
C24-UAE-1208,Audemars Piguet,Ultra Luxury,Royal Oak 15400,15400ST.OO.1220ST.01,2005,21,Vintage (20y+),Fair,127500.0,34680.0,Luxury (75K-200K),Private Seller,0,Abu Dhabi,2025-06-18,"Chrono24 UAE (simulated — site uses JS rendering, data schema mirrors live listings)"
C24-UAE-1209,Rolex,Luxury,Explorer II,REF-71487,2024,2,Nearly New (0-2y),Good,24100.0,6555.0,Mid (10K-30K),Private Seller,0,Ajman,2025-06-18,"Chrono24 UAE (simulated — site uses JS rendering, data schema mirrors live listings)"
C24-UAE-1210,Panerai,Luxury,Luminor Marina,REF-81932,2023,3,Recent (3-5y),Unworn,40100.0,10907.0,Premium (30K-75K),Dealer,1,Ajman,2025-06-18,"Chrono24 UAE (simulated — site uses JS rendering, data schema mirrors live listings)"
C24-UAE-1211,Omega,Premium,Constellation,REF-91633,2002,24,Vintage (20y+),Like New,9100.0,2475.0,Entry (<10K),Dealer,1,Ajman,2025-06-18,"Chrono24 UAE (simulated — site uses JS rendering, data schema mirrors live listings)"
C24-UAE-1212,Omega,Premium,Speedmaster Professional,311.30.42.30.01.005,2021,5,Recent (3-5y),Fair,3100.0,843.0,Entry (<10K),Dealer,1,Abu Dhabi,2025-06-18,"Chrono24 UAE (simulated — site uses JS rendering, data schema mirrors live listings)"
C24-UAE-1213,Vacheron Constantin,Grand Complication,Overseas,REF-64600,2004,22,Vintage (20y+),Very Good,32900.0,8949.0,Premium (30K-75K),Dealer,1,Abu Dhabi,2025-06-18,"Chrono24 UAE (simulated — site uses JS rendering, data schema mirrors live listings)"
C24-UAE-1214,Cartier,Luxury,Ballon Bleu,REF-81313,1997,29,Vintage (20y+),Very Good,19000.0,5168.0,Mid (10K-30K),Dealer,1,Dubai,2025-06-18,"Chrono24 UAE (simulated — site uses JS rendering, data schema mirrors live listings)"
C24-UAE-1215,IWC,Luxury,Pilot Mark XVIII,REF-12128,1996,30,Vintage (20y+),Very Good,10600.0,2883.0,Mid (10K-30K),Private Seller,0,Sharjah,2025-06-18,"Chrono24 UAE (simulated — site uses JS rendering, data schema mirrors live listings)"
C24-UAE-1216,Jaeger-LeCoultre,Grand Complication,Reverso,REF-86271,2006,20,Vintage Adjacent (11-20y),Like New,10900.0,2965.0,Mid (10K-30K),Private Seller,0,Sharjah,2025-06-18,"Chrono24 UAE (simulated — site uses JS rendering, data schema mirrors live listings)"
C24-UAE-1217,Patek Philippe,Ultra Luxury,Nautilus 5711,5711/1A-010,2006,20,Vintage Adjacent (11-20y),Very Good,105200.0,28614.0,Luxury (75K-200K),Private Seller,0,Ajman,2025-06-18,"Chrono24 UAE (simulated — site uses JS rendering, data schema mirrors live listings)"
C24-UAE-1218,Vacheron Constantin,Grand Complication,Patrimony,REF-69988,2015,11,Vintage Adjacent (11-20y),Like New,76300.0,20754.0,Luxury (75K-200K),Dealer,1,Dubai,2025-06-18,"Chrono24 UAE (simulated — site uses JS rendering, data schema mirrors live listings)"
C24-UAE-1219,Richard Mille,Ultra Luxury,RM 055,REF-50642,1996,30,Vintage (20y+),Good,145000.0,39440.0,Luxury (75K-200K),Private Seller,0,Ajman,2025-06-18,"Chrono24 UAE (simulated — site uses JS rendering, data schema mirrors live listings)"
C24-UAE-1220,Tudor,Accessible Luxury,Heritage Chrono,REF-56789,2010,16,Vintage Adjacent (11-20y),Like New,3900.0,1061.0,Entry (<10K),Private Seller,0,Dubai,2025-06-18,"Chrono24 UAE (simulated — site uses JS rendering, data schema mirrors live listings)"
C24-UAE-1221,Tudor,Accessible Luxury,Heritage Chrono,REF-62431,2005,21,Vintage (20y+),Like New,5800.0,1578.0,Entry (<10K),Private Seller,0,Ajman,2025-06-18,"Chrono24 UAE (simulated — site uses JS rendering, data schema mirrors live listings)"
C24-UAE-1222,Seiko,Accessible,Presage,REF-78062,2005,21,Vintage (20y+),Fair,1300.0,354.0,Entry (<10K),Dealer,1,Sharjah,2025-06-18,"Chrono24 UAE (simulated — site uses JS rendering, data schema mirrors live listings)"
C24-UAE-1223,Jaeger-LeCoultre,Grand Complication,Reverso,REF-33652,2018,8,Modern (6-10y),Very Good,47700.0,12974.0,Premium (30K-75K),Dealer,1,Sharjah,2025-06-18,"Chrono24 UAE (simulated — site uses JS rendering, data schema mirrors live listings)"
C24-UAE-1224,Hublot,Luxury,Big Bang,411.CM.1180.RX,1997,29,Vintage (20y+),Like New,38400.0,10445.0,Premium (30K-75K),Dealer,1,Abu Dhabi,2025-06-18,"Chrono24 UAE (simulated — site uses JS rendering, data schema mirrors live listings)"
C24-UAE-1225,Vacheron Constantin,Grand Complication,Patrimony,REF-90589,2006,20,Vintage Adjacent (11-20y),Very Good,81600.0,22195.0,Luxury (75K-200K),Private Seller,0,Ajman,2025-06-18,"Chrono24 UAE (simulated — site uses JS rendering, data schema mirrors live listings)"
C24-UAE-1226,Richard Mille,Ultra Luxury,RM 011,REF-99051,1997,29,Vintage (20y+),Good,200600.0,54563.0,Ultra Luxury (200K+),Dealer,1,Abu Dhabi,2025-06-18,"Chrono24 UAE (simulated — site uses JS rendering, data schema mirrors live listings)"
C24-UAE-1227,Rolex,Luxury,GMT-Master II,126710BLRO,2022,4,Recent (3-5y),Very Good,19000.0,5168.0,Mid (10K-30K),Private Seller,0,Abu Dhabi,2025-06-18,"Chrono24 UAE (simulated — site uses JS rendering, data schema mirrors live listings)"
C24-UAE-1228,Jaeger-LeCoultre,Grand Complication,Polaris,REF-30111,2006,20,Vintage Adjacent (11-20y),Very Good,7500.0,2040.0,Entry (<10K),Private Seller,0,Ajman,2025-06-18,"Chrono24 UAE (simulated — site uses JS rendering, data schema mirrors live listings)"
C24-UAE-1229,Hublot,Luxury,Classic Fusion,REF-62171,2009,17,Vintage Adjacent (11-20y),Good,33000.0,8976.0,Premium (30K-75K),Dealer,1,Sharjah,2025-06-18,"Chrono24 UAE (simulated — site uses JS rendering, data schema mirrors live listings)"
C24-UAE-1230,Cartier,Luxury,Tank,REF-77861,2002,24,Vintage (20y+),Fair,4500.0,1224.0,Entry (<10K),Dealer,1,Ajman,2025-06-18,"Chrono24 UAE (simulated — site uses JS rendering, data schema mirrors live listings)"
C24-UAE-1231,Seiko,Accessible,Astron,REF-90199,1998,28,Vintage (20y+),Like New,2000.0,544.0,Entry (<10K),Dealer,1,Sharjah,2025-06-18,"Chrono24 UAE (simulated — site uses JS rendering, data schema mirrors live listings)"
C24-UAE-1232,Vacheron Constantin,Grand Complication,Patrimony,REF-68341,2001,25,Vintage (20y+),Like New,54800.0,14906.0,Premium (30K-75K),Private Seller,0,Dubai,2025-06-18,"Chrono24 UAE (simulated — site uses JS rendering, data schema mirrors live listings)"
C24-UAE-1233,Jaeger-LeCoultre,Grand Complication,Polaris,REF-82089,2022,4,Recent (3-5y),Fair,30800.0,8378.0,Premium (30K-75K),Private Seller,0,Sharjah,2025-06-18,"Chrono24 UAE (simulated — site uses JS rendering, data schema mirrors live listings)"
C24-UAE-1234,Seiko,Accessible,Presage,REF-32818,2022,4,Recent (3-5y),Like New,4900.0,1333.0,Entry (<10K),Private Seller,0,Sharjah,2025-06-18,"Chrono24 UAE (simulated — site uses JS rendering, data schema mirrors live listings)"
C24-UAE-1235,Tag Heuer,Accessible Luxury,Carrera,REF-74752,1998,28,Vintage (20y+),Fair,2700.0,734.0,Entry (<10K),Private Seller,0,Dubai,2025-06-18,"Chrono24 UAE (simulated — site uses JS rendering, data schema mirrors live listings)"
C24-UAE-1236,Hublot,Luxury,Spirit of Big Bang,REF-90209,2013,13,Vintage Adjacent (11-20y),Very Good,40000.0,10880.0,Premium (30K-75K),Private Seller,0,Dubai,2025-06-18,"Chrono24 UAE (simulated — site uses JS rendering, data schema mirrors live listings)"
C24-UAE-1237,Omega,Premium,Constellation,REF-63665,2007,19,Vintage Adjacent (11-20y),Fair,6400.0,1741.0,Entry (<10K),Private Seller,0,Dubai,2025-06-18,"Chrono24 UAE (simulated — site uses JS rendering, data schema mirrors live listings)"
C24-UAE-1238,Patek Philippe,Ultra Luxury,Calatrava,REF-26821,2015,11,Vintage Adjacent (11-20y),Unworn,247700.0,67374.0,Ultra Luxury (200K+),Dealer,1,Abu Dhabi,2025-06-18,"Chrono24 UAE (simulated — site uses JS rendering, data schema mirrors live listings)"
C24-UAE-1239,Jaeger-LeCoultre,Grand Complication,Reverso,REF-77908,2008,18,Vintage Adjacent (11-20y),Very Good,30400.0,8269.0,Premium (30K-75K),Private Seller,0,Abu Dhabi,2025-06-18,"Chrono24 UAE (simulated — site uses JS rendering, data schema mirrors live listings)"
C24-UAE-1240,Richard Mille,Ultra Luxury,RM 055,REF-78012,2000,26,Vintage (20y+),Like New,204800.0,55706.0,Ultra Luxury (200K+),Private Seller,0,Sharjah,2025-06-18,"Chrono24 UAE (simulated — site uses JS rendering, data schema mirrors live listings)"
C24-UAE-1241,Tudor,Accessible Luxury,Black Bay 58,REF-91922,2003,23,Vintage (20y+),Like New,4600.0,1251.0,Entry (<10K),Private Seller,0,Sharjah,2025-06-18,"Chrono24 UAE (simulated — site uses JS rendering, data schema mirrors live listings)"
C24-UAE-1242,Panerai,Luxury,Submersible,REF-30210,1997,29,Vintage (20y+),Very Good,21000.0,5712.0,Mid (10K-30K),Dealer,1,Abu Dhabi,2025-06-18,"Chrono24 UAE (simulated — site uses JS rendering, data schema mirrors live listings)"
C24-UAE-1243,Cartier,Luxury,Ballon Bleu,REF-15399,2018,8,Modern (6-10y),Fair,17200.0,4678.0,Mid (10K-30K),Dealer,1,Dubai,2025-06-18,"Chrono24 UAE (simulated — site uses JS rendering, data schema mirrors live listings)"
C24-UAE-1244,Omega,Premium,Speedmaster Professional,311.30.42.30.01.005,2015,11,Vintage Adjacent (11-20y),Good,5100.0,1387.0,Entry (<10K),Dealer,1,Ajman,2025-06-18,"Chrono24 UAE (simulated — site uses JS rendering, data schema mirrors live listings)"
C24-UAE-1245,Panerai,Luxury,Submersible,REF-49596,1995,31,Vintage (20y+),Very Good,9500.0,2584.0,Entry (<10K),Dealer,1,Ajman,2025-06-18,"Chrono24 UAE (simulated — site uses JS rendering, data schema mirrors live listings)"
C24-UAE-1246,Audemars Piguet,Ultra Luxury,Royal Oak Concept,REF-67619,2007,19,Vintage Adjacent (11-20y),Like New,65000.0,17680.0,Premium (30K-75K),Dealer,1,Ajman,2025-06-18,"Chrono24 UAE (simulated — site uses JS rendering, data schema mirrors live listings)"
C24-UAE-1247,Breitling,Premium,Superocean,REF-51853,2001,25,Vintage (20y+),Like New,17800.0,4842.0,Mid (10K-30K),Dealer,1,Sharjah,2025-06-18,"Chrono24 UAE (simulated — site uses JS rendering, data schema mirrors live listings)"
C24-UAE-1248,IWC,Luxury,Portugieser Chronograph,REF-71141,2019,7,Modern (6-10y),Very Good,17300.0,4706.0,Mid (10K-30K),Dealer,1,Dubai,2025-06-18,"Chrono24 UAE (simulated — site uses JS rendering, data schema mirrors live listings)"
C24-UAE-1249,Richard Mille,Ultra Luxury,RM 010,REF-90658,2002,24,Vintage (20y+),Like New,429500.0,116824.0,Ultra Luxury (200K+),Dealer,1,Ajman,2025-06-18,"Chrono24 UAE (simulated — site uses JS rendering, data schema mirrors live listings)"
C24-UAE-1250,Audemars Piguet,Ultra Luxury,Royal Oak 15400,15400ST.OO.1220ST.01,2021,5,Recent (3-5y),Like New,128200.0,34870.0,Luxury (75K-200K),Dealer,1,Ajman,2025-06-18,"Chrono24 UAE (simulated — site uses JS rendering, data schema mirrors live listings)"
C24-UAE-1251,Tag Heuer,Accessible Luxury,Monaco,REF-61543,2010,16,Vintage Adjacent (11-20y),Good,2200.0,598.0,Entry (<10K),Dealer,1,Ajman,2025-06-18,"Chrono24 UAE (simulated — site uses JS rendering, data schema mirrors live listings)"
C24-UAE-1252,Audemars Piguet,Ultra Luxury,Royal Oak 15400,15400ST.OO.1220ST.01,2013,13,Vintage Adjacent (11-20y),Very Good,152900.0,41589.0,Luxury (75K-200K),Dealer,1,Ajman,2025-06-18,"Chrono24 UAE (simulated — site uses JS rendering, data schema mirrors live listings)"
C24-UAE-1253,Richard Mille,Ultra Luxury,RM 011,REF-57943,2022,4,Recent (3-5y),Like New,292600.0,79587.0,Ultra Luxury (200K+),Dealer,1,Ajman,2025-06-18,"Chrono24 UAE (simulated — site uses JS rendering, data schema mirrors live listings)"
C24-UAE-1254,Hublot,Luxury,Big Bang,411.CM.1180.RX,2007,19,Vintage Adjacent (11-20y),Unworn,34600.0,9411.0,Premium (30K-75K),Dealer,1,Dubai,2025-06-18,"Chrono24 UAE (simulated — site uses JS rendering, data schema mirrors live listings)"
C24-UAE-1255,IWC,Luxury,Aquatimer,REF-99181,2009,17,Vintage Adjacent (11-20y),Good,22300.0,6066.0,Mid (10K-30K),Dealer,1,Dubai,2025-06-18,"Chrono24 UAE (simulated — site uses JS rendering, data schema mirrors live listings)"
C24-UAE-1256,Patek Philippe,Ultra Luxury,Nautilus 5711,5711/1A-010,2007,19,Vintage Adjacent (11-20y),Very Good,219700.0,59758.0,Ultra Luxury (200K+),Private Seller,0,Abu Dhabi,2025-06-18,"Chrono24 UAE (simulated — site uses JS rendering, data schema mirrors live listings)"
C24-UAE-1257,Audemars Piguet,Ultra Luxury,Royal Oak Concept,REF-53652,2011,15,Vintage Adjacent (11-20y),Very Good,52600.0,14307.0,Premium (30K-75K),Dealer,1,Ajman,2025-06-18,"Chrono24 UAE (simulated — site uses JS rendering, data schema mirrors live listings)"
C24-UAE-1258,Tag Heuer,Accessible Luxury,Monaco,REF-90356,1999,27,Vintage (20y+),Very Good,4800.0,1306.0,Entry (<10K),Dealer,1,Sharjah,2025-06-18,"Chrono24 UAE (simulated — site uses JS rendering, data schema mirrors live listings)"
C24-UAE-1259,Patek Philippe,Ultra Luxury,Complications 5396,REF-76809,2014,12,Vintage Adjacent (11-20y),Good,130800.0,35578.0,Luxury (75K-200K),Dealer,1,Ajman,2025-06-18,"Chrono24 UAE (simulated — site uses JS rendering, data schema mirrors live listings)"
C24-UAE-1260,Vacheron Constantin,Grand Complication,Traditionnelle,REF-24366,2004,22,Vintage (20y+),Very Good,39400.0,10717.0,Premium (30K-75K),Dealer,1,Ajman,2025-06-18,"Chrono24 UAE (simulated — site uses JS rendering, data schema mirrors live listings)"
C24-UAE-1261,Panerai,Luxury,Radiomir,REF-88238,2020,6,Modern (6-10y),Good,20000.0,5440.0,Mid (10K-30K),Private Seller,0,Ajman,2025-06-18,"Chrono24 UAE (simulated — site uses JS rendering, data schema mirrors live listings)"
C24-UAE-1262,Richard Mille,Ultra Luxury,RM 055,REF-91230,2018,8,Modern (6-10y),Unworn,387800.0,105482.0,Ultra Luxury (200K+),Dealer,1,Ajman,2025-06-18,"Chrono24 UAE (simulated — site uses JS rendering, data schema mirrors live listings)"
C24-UAE-1263,Patek Philippe,Ultra Luxury,Aquanaut 5167,REF-67807,1996,30,Vintage (20y+),Very Good,109900.0,29893.0,Luxury (75K-200K),Private Seller,0,Sharjah,2025-06-18,"Chrono24 UAE (simulated — site uses JS rendering, data schema mirrors live listings)"
C24-UAE-1264,IWC,Luxury,Portugieser Chronograph,REF-71814,2008,18,Vintage Adjacent (11-20y),Good,18400.0,5005.0,Mid (10K-30K),Dealer,1,Dubai,2025-06-18,"Chrono24 UAE (simulated — site uses JS rendering, data schema mirrors live listings)"
C24-UAE-1265,Vacheron Constantin,Grand Complication,Overseas,REF-78875,2011,15,Vintage Adjacent (11-20y),Like New,72100.0,19611.0,Premium (30K-75K),Dealer,1,Ajman,2025-06-18,"Chrono24 UAE (simulated — site uses JS rendering, data schema mirrors live listings)"
C24-UAE-1266,Hublot,Luxury,Big Bang,411.CM.1180.RX,2009,17,Vintage Adjacent (11-20y),Fair,19400.0,5277.0,Mid (10K-30K),Dealer,1,Sharjah,2025-06-18,"Chrono24 UAE (simulated — site uses JS rendering, data schema mirrors live listings)"
C24-UAE-1267,Panerai,Luxury,Radiomir,REF-49008,2001,25,Vintage (20y+),Fair,6600.0,1795.0,Entry (<10K),Dealer,1,Sharjah,2025-06-18,"Chrono24 UAE (simulated — site uses JS rendering, data schema mirrors live listings)"
C24-UAE-1268,Vacheron Constantin,Grand Complication,Overseas,REF-45842,2017,9,Modern (6-10y),Good,44400.0,12077.0,Premium (30K-75K),Dealer,1,Sharjah,2025-06-18,"Chrono24 UAE (simulated — site uses JS rendering, data schema mirrors live listings)"
C24-UAE-1269,Omega,Premium,Planet Ocean,REF-55237,2016,10,Modern (6-10y),Very Good,9200.0,2502.0,Entry (<10K),Private Seller,0,Abu Dhabi,2025-06-18,"Chrono24 UAE (simulated — site uses JS rendering, data schema mirrors live listings)"
C24-UAE-1270,Richard Mille,Ultra Luxury,RM 011,REF-95979,2004,22,Vintage (20y+),Fair,252900.0,68789.0,Ultra Luxury (200K+),Dealer,1,Sharjah,2025-06-18,"Chrono24 UAE (simulated — site uses JS rendering, data schema mirrors live listings)"
C24-UAE-1271,Vacheron Constantin,Grand Complication,Patrimony,REF-45601,2001,25,Vintage (20y+),Like New,94500.0,25704.0,Luxury (75K-200K),Dealer,1,Abu Dhabi,2025-06-18,"Chrono24 UAE (simulated — site uses JS rendering, data schema mirrors live listings)"
C24-UAE-1272,Omega,Premium,Planet Ocean,REF-79604,2018,8,Modern (6-10y),Very Good,15200.0,4134.0,Mid (10K-30K),Dealer,1,Abu Dhabi,2025-06-18,"Chrono24 UAE (simulated — site uses JS rendering, data schema mirrors live listings)"
C24-UAE-1273,Cartier,Luxury,Santos,REF-99285,1996,30,Vintage (20y+),Like New,12700.0,3454.0,Mid (10K-30K),Dealer,1,Abu Dhabi,2025-06-18,"Chrono24 UAE (simulated — site uses JS rendering, data schema mirrors live listings)"
C24-UAE-1274,Rolex,Luxury,GMT-Master II,126710BLRO,2008,18,Vintage Adjacent (11-20y),Good,49900.0,13573.0,Premium (30K-75K),Private Seller,0,Abu Dhabi,2025-06-18,"Chrono24 UAE (simulated — site uses JS rendering, data schema mirrors live listings)"
C24-UAE-1275,Jaeger-LeCoultre,Grand Complication,Master Ultra Thin,REF-95498,2005,21,Vintage (20y+),Like New,32500.0,8840.0,Premium (30K-75K),Dealer,1,Abu Dhabi,2025-06-18,"Chrono24 UAE (simulated — site uses JS rendering, data schema mirrors live listings)"
C24-UAE-1276,Tag Heuer,Accessible Luxury,Aquaracer,REF-64773,2018,8,Modern (6-10y),Good,11900.0,3237.0,Mid (10K-30K),Dealer,1,Abu Dhabi,2025-06-18,"Chrono24 UAE (simulated — site uses JS rendering, data schema mirrors live listings)"
C24-UAE-1277,Seiko,Accessible,Prospex,REF-47941,2021,5,Recent (3-5y),Very Good,5300.0,1442.0,Entry (<10K),Dealer,1,Dubai,2025-06-18,"Chrono24 UAE (simulated — site uses JS rendering, data schema mirrors live listings)"
C24-UAE-1278,Rolex,Luxury,Explorer II,REF-69552,2013,13,Vintage Adjacent (11-20y),Very Good,45900.0,12485.0,Premium (30K-75K),Private Seller,0,Ajman,2025-06-18,"Chrono24 UAE (simulated — site uses JS rendering, data schema mirrors live listings)"
C24-UAE-1279,Seiko,Accessible,Prospex,REF-53343,2022,4,Recent (3-5y),Very Good,4900.0,1333.0,Entry (<10K),Dealer,1,Abu Dhabi,2025-06-18,"Chrono24 UAE (simulated — site uses JS rendering, data schema mirrors live listings)"
C24-UAE-1280,Vacheron Constantin,Grand Complication,Patrimony,REF-48669,2015,11,Vintage Adjacent (11-20y),Like New,87700.0,23854.0,Luxury (75K-200K),Dealer,1,Abu Dhabi,2025-06-18,"Chrono24 UAE (simulated — site uses JS rendering, data schema mirrors live listings)"
C24-UAE-1281,Patek Philippe,Ultra Luxury,Complications 5396,REF-22502,2021,5,Recent (3-5y),Very Good,172700.0,46974.0,Luxury (75K-200K),Dealer,1,Abu Dhabi,2025-06-18,"Chrono24 UAE (simulated — site uses JS rendering, data schema mirrors live listings)"
C24-UAE-1282,Patek Philippe,Ultra Luxury,Complications 5396,REF-68554,2005,21,Vintage (20y+),Fair,114200.0,31062.0,Luxury (75K-200K),Dealer,1,Sharjah,2025-06-18,"Chrono24 UAE (simulated — site uses JS rendering, data schema mirrors live listings)"
C24-UAE-1283,Hublot,Luxury,Classic Fusion,REF-40972,2013,13,Vintage Adjacent (11-20y),Good,39100.0,10635.0,Premium (30K-75K),Dealer,1,Dubai,2025-06-18,"Chrono24 UAE (simulated — site uses JS rendering, data schema mirrors live listings)"
C24-UAE-1284,Cartier,Luxury,Santos,REF-50760,2009,17,Vintage Adjacent (11-20y),Like New,13300.0,3618.0,Mid (10K-30K),Dealer,1,Dubai,2025-06-18,"Chrono24 UAE (simulated — site uses JS rendering, data schema mirrors live listings)"
C24-UAE-1285,Cartier,Luxury,Tank,REF-30078,2006,20,Vintage Adjacent (11-20y),Very Good,5700.0,1550.0,Entry (<10K),Dealer,1,Ajman,2025-06-18,"Chrono24 UAE (simulated — site uses JS rendering, data schema mirrors live listings)"
C24-UAE-1286,Vacheron Constantin,Grand Complication,Traditionnelle,REF-80453,2006,20,Vintage Adjacent (11-20y),Very Good,49600.0,13491.0,Premium (30K-75K),Dealer,1,Abu Dhabi,2025-06-18,"Chrono24 UAE (simulated — site uses JS rendering, data schema mirrors live listings)"
C24-UAE-1287,Jaeger-LeCoultre,Grand Complication,Reverso,REF-68556,2016,10,Modern (6-10y),Good,9100.0,2475.0,Entry (<10K),Private Seller,0,Sharjah,2025-06-18,"Chrono24 UAE (simulated — site uses JS rendering, data schema mirrors live listings)"
C24-UAE-1288,Omega,Premium,Planet Ocean,REF-85065,1998,28,Vintage (20y+),Unworn,10800.0,2938.0,Mid (10K-30K),Dealer,1,Abu Dhabi,2025-06-18,"Chrono24 UAE (simulated — site uses JS rendering, data schema mirrors live listings)"
C24-UAE-1289,Patek Philippe,Ultra Luxury,Calatrava,REF-86434,2022,4,Recent (3-5y),Very Good,114300.0,31090.0,Luxury (75K-200K),Dealer,1,Ajman,2025-06-18,"Chrono24 UAE (simulated — site uses JS rendering, data schema mirrors live listings)"
C24-UAE-1290,Omega,Premium,Planet Ocean,REF-69873,2009,17,Vintage Adjacent (11-20y),Good,7800.0,2122.0,Entry (<10K),Dealer,1,Dubai,2025-06-18,"Chrono24 UAE (simulated — site uses JS rendering, data schema mirrors live listings)"
C24-UAE-1291,Tag Heuer,Accessible Luxury,Monaco,REF-10395,2016,10,Modern (6-10y),Good,5500.0,1496.0,Entry (<10K),Private Seller,0,Abu Dhabi,2025-06-18,"Chrono24 UAE (simulated — site uses JS rendering, data schema mirrors live listings)"
C24-UAE-1292,Panerai,Luxury,Luminor Marina,REF-17897,1996,30,Vintage (20y+),Very Good,13900.0,3781.0,Mid (10K-30K),Private Seller,0,Dubai,2025-06-18,"Chrono24 UAE (simulated — site uses JS rendering, data schema mirrors live listings)"
C24-UAE-1293,Seiko,Accessible,Presage,REF-94085,1996,30,Vintage (20y+),Like New,900.0,245.0,Entry (<10K),Dealer,1,Ajman,2025-06-18,"Chrono24 UAE (simulated — site uses JS rendering, data schema mirrors live listings)"
C24-UAE-1294,Hublot,Luxury,Classic Fusion,REF-99486,2009,17,Vintage Adjacent (11-20y),Good,25300.0,6882.0,Mid (10K-30K),Private Seller,0,Abu Dhabi,2025-06-18,"Chrono24 UAE (simulated — site uses JS rendering, data schema mirrors live listings)"
C24-UAE-1295,Cartier,Luxury,Tank,REF-39188,1998,28,Vintage (20y+),Like New,13800.0,3754.0,Mid (10K-30K),Dealer,1,Dubai,2025-06-18,"Chrono24 UAE (simulated — site uses JS rendering, data schema mirrors live listings)"
C24-UAE-1296,Jaeger-LeCoultre,Grand Complication,Reverso,REF-59712,2004,22,Vintage (20y+),Very Good,18700.0,5086.0,Mid (10K-30K),Private Seller,0,Abu Dhabi,2025-06-18,"Chrono24 UAE (simulated — site uses JS rendering, data schema mirrors live listings)"
C24-UAE-1297,Audemars Piguet,Ultra Luxury,Royal Oak Offshore,REF-24790,2006,20,Vintage Adjacent (11-20y),Like New,268800.0,73114.0,Ultra Luxury (200K+),Dealer,1,Dubai,2025-06-18,"Chrono24 UAE (simulated — site uses JS rendering, data schema mirrors live listings)"
C24-UAE-1298,Jaeger-LeCoultre,Grand Complication,Polaris,REF-41544,2008,18,Vintage Adjacent (11-20y),Very Good,32000.0,8704.0,Premium (30K-75K),Private Seller,0,Abu Dhabi,2025-06-18,"Chrono24 UAE (simulated — site uses JS rendering, data schema mirrors live listings)"
C24-UAE-1299,Omega,Premium,Speedmaster Professional,311.30.42.30.01.005,2014,12,Vintage Adjacent (11-20y),Unworn,14400.0,3917.0,Mid (10K-30K),Dealer,1,Abu Dhabi,2025-06-18,"Chrono24 UAE (simulated — site uses JS rendering, data schema mirrors live listings)"
C24-UAE-1300,Vacheron Constantin,Grand Complication,Overseas,REF-17398,2007,19,Vintage Adjacent (11-20y),Very Good,70200.0,19094.0,Premium (30K-75K),Dealer,1,Abu Dhabi,2025-06-18,"Chrono24 UAE (simulated — site uses JS rendering, data schema mirrors live listings)"
C24-UAE-1301,Tag Heuer,Accessible Luxury,Monaco,REF-88370,2002,24,Vintage (20y+),Good,4000.0,1088.0,Entry (<10K),Private Seller,0,Sharjah,2025-06-18,"Chrono24 UAE (simulated — site uses JS rendering, data schema mirrors live listings)"
C24-UAE-1302,Audemars Piguet,Ultra Luxury,Royal Oak Offshore,REF-49387,2023,3,Recent (3-5y),Like New,105300.0,28642.0,Luxury (75K-200K),Private Seller,0,Sharjah,2025-06-18,"Chrono24 UAE (simulated — site uses JS rendering, data schema mirrors live listings)"
C24-UAE-1303,Rolex,Luxury,GMT-Master II,126710BLRO,2015,11,Vintage Adjacent (11-20y),Good,17100.0,4651.0,Mid (10K-30K),Dealer,1,Ajman,2025-06-18,"Chrono24 UAE (simulated — site uses JS rendering, data schema mirrors live listings)"
C24-UAE-1304,Jaeger-LeCoultre,Grand Complication,Polaris,REF-34101,2005,21,Vintage (20y+),Good,12900.0,3509.0,Mid (10K-30K),Dealer,1,Ajman,2025-06-18,"Chrono24 UAE (simulated — site uses JS rendering, data schema mirrors live listings)"
C24-UAE-1305,Audemars Piguet,Ultra Luxury,Royal Oak 15400,15400ST.OO.1220ST.01,2004,22,Vintage (20y+),Good,124300.0,33810.0,Luxury (75K-200K),Dealer,1,Ajman,2025-06-18,"Chrono24 UAE (simulated — site uses JS rendering, data schema mirrors live listings)"
C24-UAE-1306,IWC,Luxury,Aquatimer,REF-94765,2011,15,Vintage Adjacent (11-20y),Like New,10900.0,2965.0,Mid (10K-30K),Dealer,1,Dubai,2025-06-18,"Chrono24 UAE (simulated — site uses JS rendering, data schema mirrors live listings)"
C24-UAE-1307,Seiko,Accessible,Presage,REF-16755,2022,4,Recent (3-5y),Very Good,2700.0,734.0,Entry (<10K),Dealer,1,Sharjah,2025-06-18,"Chrono24 UAE (simulated — site uses JS rendering, data schema mirrors live listings)"
C24-UAE-1308,IWC,Luxury,Aquatimer,REF-87015,2014,12,Vintage Adjacent (11-20y),Very Good,9600.0,2611.0,Entry (<10K),Private Seller,0,Abu Dhabi,2025-06-18,"Chrono24 UAE (simulated — site uses JS rendering, data schema mirrors live listings)"
C24-UAE-1309,Breitling,Premium,Navitimer,REF-37762,2022,4,Recent (3-5y),Fair,18700.0,5086.0,Mid (10K-30K),Dealer,1,Abu Dhabi,2025-06-18,"Chrono24 UAE (simulated — site uses JS rendering, data schema mirrors live listings)"
C24-UAE-1310,Vacheron Constantin,Grand Complication,Overseas,REF-89220,2018,8,Modern (6-10y),Fair,30600.0,8323.0,Premium (30K-75K),Dealer,1,Abu Dhabi,2025-06-18,"Chrono24 UAE (simulated — site uses JS rendering, data schema mirrors live listings)"
C24-UAE-1311,IWC,Luxury,Portugieser Chronograph,REF-95029,2012,14,Vintage Adjacent (11-20y),Like New,17200.0,4678.0,Mid (10K-30K),Dealer,1,Sharjah,2025-06-18,"Chrono24 UAE (simulated — site uses JS rendering, data schema mirrors live listings)"
C24-UAE-1312,Richard Mille,Ultra Luxury,RM 035,REF-71537,2006,20,Vintage Adjacent (11-20y),Very Good,98500.0,26792.0,Luxury (75K-200K),Dealer,1,Sharjah,2025-06-18,"Chrono24 UAE (simulated — site uses JS rendering, data schema mirrors live listings)"
C24-UAE-1313,Seiko,Accessible,Prospex,REF-29126,2006,20,Vintage Adjacent (11-20y),Like New,3500.0,952.0,Entry (<10K),Dealer,1,Dubai,2025-06-18,"Chrono24 UAE (simulated — site uses JS rendering, data schema mirrors live listings)"
C24-UAE-1314,Richard Mille,Ultra Luxury,RM 010,REF-42208,2004,22,Vintage (20y+),Like New,217400.0,59133.0,Ultra Luxury (200K+),Dealer,1,Ajman,2025-06-18,"Chrono24 UAE (simulated — site uses JS rendering, data schema mirrors live listings)"
C24-UAE-1315,Tag Heuer,Accessible Luxury,Aquaracer,REF-94108,2016,10,Modern (6-10y),Like New,8600.0,2339.0,Entry (<10K),Private Seller,0,Ajman,2025-06-18,"Chrono24 UAE (simulated — site uses JS rendering, data schema mirrors live listings)"
C24-UAE-1316,Breitling,Premium,Navitimer,REF-74004,2018,8,Modern (6-10y),Good,15800.0,4298.0,Mid (10K-30K),Dealer,1,Abu Dhabi,2025-06-18,"Chrono24 UAE (simulated — site uses JS rendering, data schema mirrors live listings)"
C24-UAE-1317,Seiko,Accessible,Astron,REF-19742,2015,11,Vintage Adjacent (11-20y),Fair,2300.0,626.0,Entry (<10K),Dealer,1,Dubai,2025-06-18,"Chrono24 UAE (simulated — site uses JS rendering, data schema mirrors live listings)"
C24-UAE-1318,Jaeger-LeCoultre,Grand Complication,Reverso,REF-29795,2008,18,Vintage Adjacent (11-20y),Like New,9700.0,2638.0,Entry (<10K),Dealer,1,Dubai,2025-06-18,"Chrono24 UAE (simulated — site uses JS rendering, data schema mirrors live listings)"
C24-UAE-1319,Audemars Piguet,Ultra Luxury,Royal Oak Concept,REF-90808,2009,17,Vintage Adjacent (11-20y),Very Good,190700.0,51870.0,Luxury (75K-200K),Dealer,1,Ajman,2025-06-18,"Chrono24 UAE (simulated — site uses JS rendering, data schema mirrors live listings)"
C24-UAE-1320,Cartier,Luxury,Tank,REF-79391,1995,31,Vintage (20y+),Unworn,4400.0,1197.0,Entry (<10K),Dealer,1,Sharjah,2025-06-18,"Chrono24 UAE (simulated — site uses JS rendering, data schema mirrors live listings)"
C24-UAE-1321,Tag Heuer,Accessible Luxury,Monaco,REF-33496,1995,31,Vintage (20y+),Very Good,5700.0,1550.0,Entry (<10K),Private Seller,0,Dubai,2025-06-18,"Chrono24 UAE (simulated — site uses JS rendering, data schema mirrors live listings)"
C24-UAE-1322,Seiko,Accessible,Prospex,REF-56457,2011,15,Vintage Adjacent (11-20y),Like New,2300.0,626.0,Entry (<10K),Dealer,1,Sharjah,2025-06-18,"Chrono24 UAE (simulated — site uses JS rendering, data schema mirrors live listings)"
C24-UAE-1324,Cartier,Luxury,Santos,REF-63120,2015,11,Vintage Adjacent (11-20y),Fair,3100.0,843.0,Entry (<10K),Dealer,1,Ajman,2025-06-18,"Chrono24 UAE (simulated — site uses JS rendering, data schema mirrors live listings)"
C24-UAE-1325,IWC,Luxury,Aquatimer,REF-75517,2010,16,Vintage Adjacent (11-20y),Unworn,10600.0,2883.0,Mid (10K-30K),Dealer,1,Ajman,2025-06-18,"Chrono24 UAE (simulated — site uses JS rendering, data schema mirrors live listings)"
C24-UAE-1326,Cartier,Luxury,Tank,REF-15577,2013,13,Vintage Adjacent (11-20y),Fair,12300.0,3346.0,Mid (10K-30K),Private Seller,0,Abu Dhabi,2025-06-18,"Chrono24 UAE (simulated — site uses JS rendering, data schema mirrors live listings)"
C24-UAE-1327,Audemars Piguet,Ultra Luxury,Royal Oak Concept,REF-99709,2023,3,Recent (3-5y),Very Good,247300.0,67266.0,Ultra Luxury (200K+),Dealer,1,Sharjah,2025-06-18,"Chrono24 UAE (simulated — site uses JS rendering, data schema mirrors live listings)"
C24-UAE-1328,Seiko,Accessible,Astron,REF-12052,2013,13,Vintage Adjacent (11-20y),Good,2600.0,707.0,Entry (<10K),Dealer,1,Abu Dhabi,2025-06-18,"Chrono24 UAE (simulated — site uses JS rendering, data schema mirrors live listings)"
C24-UAE-1329,Panerai,Luxury,Luminor Marina,REF-49226,2019,7,Modern (6-10y),Good,25500.0,6936.0,Mid (10K-30K),Private Seller,0,Abu Dhabi,2025-06-18,"Chrono24 UAE (simulated — site uses JS rendering, data schema mirrors live listings)"
C24-UAE-1330,Panerai,Luxury,Luminor Marina,REF-53480,2013,13,Vintage Adjacent (11-20y),Good,17200.0,4678.0,Mid (10K-30K),Dealer,1,Ajman,2025-06-18,"Chrono24 UAE (simulated — site uses JS rendering, data schema mirrors live listings)"
C24-UAE-1331,Jaeger-LeCoultre,Grand Complication,Polaris,REF-55332,1999,27,Vintage (20y+),Good,7500.0,2040.0,Entry (<10K),Private Seller,0,Dubai,2025-06-18,"Chrono24 UAE (simulated — site uses JS rendering, data schema mirrors live listings)"
C24-UAE-1332,Omega,Premium,De Ville,REF-88067,2002,24,Vintage (20y+),Good,10600.0,2883.0,Mid (10K-30K),Dealer,1,Ajman,2025-06-18,"Chrono24 UAE (simulated — site uses JS rendering, data schema mirrors live listings)"
C24-UAE-1333,Jaeger-LeCoultre,Grand Complication,Master Ultra Thin,REF-39902,1995,31,Vintage (20y+),Very Good,19500.0,5304.0,Mid (10K-30K),Private Seller,0,Sharjah,2025-06-18,"Chrono24 UAE (simulated — site uses JS rendering, data schema mirrors live listings)"
C24-UAE-1334,Tag Heuer,Accessible Luxury,Monaco,REF-91083,2008,18,Vintage Adjacent (11-20y),Like New,6000.0,1632.0,Entry (<10K),Dealer,1,Sharjah,2025-06-18,"Chrono24 UAE (simulated — site uses JS rendering, data schema mirrors live listings)"
C24-UAE-1335,Jaeger-LeCoultre,Grand Complication,Reverso,REF-93086,2017,9,Modern (6-10y),Unworn,26700.0,7262.0,Mid (10K-30K),Dealer,1,Abu Dhabi,2025-06-18,"Chrono24 UAE (simulated — site uses JS rendering, data schema mirrors live listings)"
C24-UAE-1336,Vacheron Constantin,Grand Complication,Patrimony,REF-68292,2005,21,Vintage (20y+),Very Good,83900.0,22821.0,Luxury (75K-200K),Dealer,1,Sharjah,2025-06-18,"Chrono24 UAE (simulated — site uses JS rendering, data schema mirrors live listings)"
C24-UAE-1337,Jaeger-LeCoultre,Grand Complication,Master Ultra Thin,REF-82710,1998,28,Vintage (20y+),Like New,22100.0,6011.0,Mid (10K-30K),Dealer,1,Ajman,2025-06-18,"Chrono24 UAE (simulated — site uses JS rendering, data schema mirrors live listings)"
C24-UAE-1338,Omega,Premium,Speedmaster Professional,311.30.42.30.01.005,1997,29,Vintage (20y+),Very Good,10300.0,2802.0,Mid (10K-30K),Dealer,1,Ajman,2025-06-18,"Chrono24 UAE (simulated — site uses JS rendering, data schema mirrors live listings)"
C24-UAE-1339,Rolex,Luxury,Explorer II,REF-41816,2008,18,Vintage Adjacent (11-20y),Very Good,96700.0,26302.0,Luxury (75K-200K),Dealer,1,Abu Dhabi,2025-06-18,"Chrono24 UAE (simulated — site uses JS rendering, data schema mirrors live listings)"
C24-UAE-1340,Cartier,Luxury,Tank,REF-18292,2000,26,Vintage (20y+),Like New,13100.0,3563.0,Mid (10K-30K),Dealer,1,Abu Dhabi,2025-06-18,"Chrono24 UAE (simulated — site uses JS rendering, data schema mirrors live listings)"
C24-UAE-1341,IWC,Luxury,Pilot Mark XVIII,REF-42321,2008,18,Vintage Adjacent (11-20y),Like New,14700.0,3998.0,Mid (10K-30K),Private Seller,0,Ajman,2025-06-18,"Chrono24 UAE (simulated — site uses JS rendering, data schema mirrors live listings)"
C24-UAE-1342,Panerai,Luxury,Submersible,REF-61864,2001,25,Vintage (20y+),Very Good,4500.0,1224.0,Entry (<10K),Dealer,1,Sharjah,2025-06-18,"Chrono24 UAE (simulated — site uses JS rendering, data schema mirrors live listings)"
C24-UAE-1343,Tudor,Accessible Luxury,Heritage Chrono,REF-95332,2007,19,Vintage Adjacent (11-20y),Good,3800.0,1034.0,Entry (<10K),Dealer,1,Abu Dhabi,2025-06-18,"Chrono24 UAE (simulated — site uses JS rendering, data schema mirrors live listings)"
C24-UAE-1344,Richard Mille,Ultra Luxury,RM 035,REF-62198,2014,12,Vintage Adjacent (11-20y),Fair,120300.0,32722.0,Luxury (75K-200K),Dealer,1,Sharjah,2025-06-18,"Chrono24 UAE (simulated — site uses JS rendering, data schema mirrors live listings)"
C24-UAE-1345,Richard Mille,Ultra Luxury,RM 010,REF-61502,2013,13,Vintage Adjacent (11-20y),Good,135100.0,36747.0,Luxury (75K-200K),Dealer,1,Sharjah,2025-06-18,"Chrono24 UAE (simulated — site uses JS rendering, data schema mirrors live listings)"
C24-UAE-1346,Omega,Premium,Planet Ocean,REF-82102,2001,25,Vintage (20y+),Very Good,11300.0,3074.0,Mid (10K-30K),Dealer,1,Dubai,2025-06-18,"Chrono24 UAE (simulated — site uses JS rendering, data schema mirrors live listings)"
C24-UAE-1347,Vacheron Constantin,Grand Complication,Patrimony,REF-19064,2017,9,Modern (6-10y),Like New,110200.0,29974.0,Luxury (75K-200K),Private Seller,0,Ajman,2025-06-18,"Chrono24 UAE (simulated — site uses JS rendering, data schema mirrors live listings)"
C24-UAE-1348,Cartier,Luxury,Tank,REF-65460,1999,27,Vintage (20y+),Very Good,14200.0,3862.0,Mid (10K-30K),Dealer,1,Ajman,2025-06-18,"Chrono24 UAE (simulated — site uses JS rendering, data schema mirrors live listings)"
C24-UAE-1349,Omega,Premium,De Ville,REF-64827,2014,12,Vintage Adjacent (11-20y),Very Good,9500.0,2584.0,Entry (<10K),Dealer,1,Dubai,2025-06-18,"Chrono24 UAE (simulated — site uses JS rendering, data schema mirrors live listings)"
C24-UAE-1350,Jaeger-LeCoultre,Grand Complication,Master Ultra Thin,REF-21138,2017,9,Modern (6-10y),Good,27100.0,7371.0,Mid (10K-30K),Dealer,1,Dubai,2025-06-18,"Chrono24 UAE (simulated — site uses JS rendering, data schema mirrors live listings)"
C24-UAE-1351,Jaeger-LeCoultre,Grand Complication,Reverso,REF-83822,2016,10,Modern (6-10y),Good,24700.0,6718.0,Mid (10K-30K),Dealer,1,Ajman,2025-06-18,"Chrono24 UAE (simulated — site uses JS rendering, data schema mirrors live listings)"
C24-UAE-1352,Jaeger-LeCoultre,Grand Complication,Master Ultra Thin,REF-76935,2020,6,Modern (6-10y),Very Good,21300.0,5794.0,Mid (10K-30K),Dealer,1,Abu Dhabi,2025-06-18,"Chrono24 UAE (simulated — site uses JS rendering, data schema mirrors live listings)"
C24-UAE-1353,Breitling,Premium,Superocean,REF-29758,2007,19,Vintage Adjacent (11-20y),Very Good,13200.0,3590.0,Mid (10K-30K),Private Seller,0,Sharjah,2025-06-18,"Chrono24 UAE (simulated — site uses JS rendering, data schema mirrors live listings)"
C24-UAE-1354,Rolex,Luxury,Sky-Dweller,REF-28569,1998,28,Vintage (20y+),Like New,26800.0,7290.0,Mid (10K-30K),Private Seller,0,Sharjah,2025-06-18,"Chrono24 UAE (simulated — site uses JS rendering, data schema mirrors live listings)"
C24-UAE-1355,Richard Mille,Ultra Luxury,RM 035,REF-22795,2009,17,Vintage Adjacent (11-20y),Good,154200.0,41942.0,Luxury (75K-200K),Dealer,1,Ajman,2025-06-18,"Chrono24 UAE (simulated — site uses JS rendering, data schema mirrors live listings)"
C24-UAE-1356,Vacheron Constantin,Grand Complication,Traditionnelle,REF-25084,2009,17,Vintage Adjacent (11-20y),Like New,84300.0,22930.0,Luxury (75K-200K),Dealer,1,Dubai,2025-06-18,"Chrono24 UAE (simulated — site uses JS rendering, data schema mirrors live listings)"
C24-UAE-1357,Tudor,Accessible Luxury,Pelagos,REF-41970,2015,11,Vintage Adjacent (11-20y),Like New,10600.0,2883.0,Mid (10K-30K),Private Seller,0,Abu Dhabi,2025-06-18,"Chrono24 UAE (simulated — site uses JS rendering, data schema mirrors live listings)"
C24-UAE-1358,Tag Heuer,Accessible Luxury,Carrera,REF-63090,2005,21,Vintage (20y+),Very Good,3900.0,1061.0,Entry (<10K),Private Seller,0,Abu Dhabi,2025-06-18,"Chrono24 UAE (simulated — site uses JS rendering, data schema mirrors live listings)"
C24-UAE-1359,Patek Philippe,Ultra Luxury,Complications 5396,REF-87621,2007,19,Vintage Adjacent (11-20y),Unworn,133400.0,36285.0,Luxury (75K-200K),Dealer,1,Ajman,2025-06-18,"Chrono24 UAE (simulated — site uses JS rendering, data schema mirrors live listings)"
C24-UAE-1360,IWC,Luxury,Portugieser Chronograph,REF-18200,2017,9,Modern (6-10y),Like New,29300.0,7970.0,Mid (10K-30K),Dealer,1,Dubai,2025-06-18,"Chrono24 UAE (simulated — site uses JS rendering, data schema mirrors live listings)"
C24-UAE-1361,Jaeger-LeCoultre,Grand Complication,Polaris,REF-97910,2000,26,Vintage (20y+),Very Good,9900.0,2693.0,Entry (<10K),Dealer,1,Ajman,2025-06-18,"Chrono24 UAE (simulated — site uses JS rendering, data schema mirrors live listings)"
C24-UAE-1362,Tag Heuer,Accessible Luxury,Aquaracer,REF-55603,2005,21,Vintage (20y+),Very Good,7200.0,1958.0,Entry (<10K),Dealer,1,Sharjah,2025-06-18,"Chrono24 UAE (simulated — site uses JS rendering, data schema mirrors live listings)"
C24-UAE-1363,Tudor,Accessible Luxury,Pelagos,REF-90541,2014,12,Vintage Adjacent (11-20y),Like New,8800.0,2394.0,Entry (<10K),Private Seller,0,Dubai,2025-06-18,"Chrono24 UAE (simulated — site uses JS rendering, data schema mirrors live listings)"
C24-UAE-1364,Cartier,Luxury,Santos,REF-28528,2005,21,Vintage (20y+),Like New,7400.0,2013.0,Entry (<10K),Dealer,1,Ajman,2025-06-18,"Chrono24 UAE (simulated — site uses JS rendering, data schema mirrors live listings)"
C24-UAE-1365,IWC,Luxury,Aquatimer,REF-80435,1999,27,Vintage (20y+),Very Good,15600.0,4243.0,Mid (10K-30K),Dealer,1,Abu Dhabi,2025-06-18,"Chrono24 UAE (simulated — site uses JS rendering, data schema mirrors live listings)"
C24-UAE-1366,Tag Heuer,Accessible Luxury,Carrera,REF-91187,2010,16,Vintage Adjacent (11-20y),Like New,10800.0,2938.0,Mid (10K-30K),Dealer,1,Dubai,2025-06-18,"Chrono24 UAE (simulated — site uses JS rendering, data schema mirrors live listings)"
C24-UAE-1367,Tudor,Accessible Luxury,Pelagos,REF-83607,1995,31,Vintage (20y+),Very Good,4700.0,1278.0,Entry (<10K),Dealer,1,Ajman,2025-06-18,"Chrono24 UAE (simulated — site uses JS rendering, data schema mirrors live listings)"
C24-UAE-1368,IWC,Luxury,Aquatimer,REF-20835,2010,16,Vintage Adjacent (11-20y),Very Good,15600.0,4243.0,Mid (10K-30K),Private Seller,0,Dubai,2025-06-18,"Chrono24 UAE (simulated — site uses JS rendering, data schema mirrors live listings)"
C24-UAE-1369,Jaeger-LeCoultre,Grand Complication,Reverso,REF-69942,2004,22,Vintage (20y+),Unworn,17700.0,4814.0,Mid (10K-30K),Dealer,1,Ajman,2025-06-18,"Chrono24 UAE (simulated — site uses JS rendering, data schema mirrors live listings)"
C24-UAE-1370,Tag Heuer,Accessible Luxury,Aquaracer,REF-58085,1998,28,Vintage (20y+),Very Good,6800.0,1850.0,Entry (<10K),Dealer,1,Dubai,2025-06-18,"Chrono24 UAE (simulated — site uses JS rendering, data schema mirrors live listings)"
C24-UAE-1371,Jaeger-LeCoultre,Grand Complication,Polaris,REF-95678,2009,17,Vintage Adjacent (11-20y),Very Good,22800.0,6202.0,Mid (10K-30K),Private Seller,0,Abu Dhabi,2025-06-18,"Chrono24 UAE (simulated — site uses JS rendering, data schema mirrors live listings)"
C24-UAE-1372,Richard Mille,Ultra Luxury,RM 011,REF-25386,2009,17,Vintage Adjacent (11-20y),Like New,107600.0,29267.0,Luxury (75K-200K),Private Seller,0,Abu Dhabi,2025-06-18,"Chrono24 UAE (simulated — site uses JS rendering, data schema mirrors live listings)"
C24-UAE-1373,Audemars Piguet,Ultra Luxury,Royal Oak Concept,REF-66120,2013,13,Vintage Adjacent (11-20y),Good,151900.0,41317.0,Luxury (75K-200K),Private Seller,0,Abu Dhabi,2025-06-18,"Chrono24 UAE (simulated — site uses JS rendering, data schema mirrors live listings)"
C24-UAE-1374,Panerai,Luxury,Luminor Marina,REF-55982,2020,6,Modern (6-10y),Like New,9400.0,2557.0,Entry (<10K),Dealer,1,Sharjah,2025-06-18,"Chrono24 UAE (simulated — site uses JS rendering, data schema mirrors live listings)"
C24-UAE-1375,Panerai,Luxury,Submersible,REF-45041,2000,26,Vintage (20y+),Like New,10800.0,2938.0,Mid (10K-30K),Private Seller,0,Dubai,2025-06-18,"Chrono24 UAE (simulated — site uses JS rendering, data schema mirrors live listings)"
C24-UAE-1376,Patek Philippe,Ultra Luxury,Complications 5396,REF-27392,2024,2,Nearly New (0-2y),Unworn,297200.0,80838.0,Ultra Luxury (200K+),Dealer,1,Abu Dhabi,2025-06-18,"Chrono24 UAE (simulated — site uses JS rendering, data schema mirrors live listings)"
C24-UAE-1377,Patek Philippe,Ultra Luxury,Calatrava,REF-28634,2021,5,Recent (3-5y),Like New,193500.0,52632.0,Luxury (75K-200K),Private Seller,0,Sharjah,2025-06-18,"Chrono24 UAE (simulated — site uses JS rendering, data schema mirrors live listings)"
C24-UAE-1378,Cartier,Luxury,Tank,REF-22202,2007,19,Vintage Adjacent (11-20y),Very Good,17800.0,4842.0,Mid (10K-30K),Dealer,1,Ajman,2025-06-18,"Chrono24 UAE (simulated — site uses JS rendering, data schema mirrors live listings)"
C24-UAE-1379,Tag Heuer,Accessible Luxury,Aquaracer,REF-73968,2003,23,Vintage (20y+),Good,5100.0,1387.0,Entry (<10K),Private Seller,0,Sharjah,2025-06-18,"Chrono24 UAE (simulated — site uses JS rendering, data schema mirrors live listings)"
C24-UAE-1380,Panerai,Luxury,Luminor Marina,REF-70089,2022,4,Recent (3-5y),Good,24700.0,6718.0,Mid (10K-30K),Private Seller,0,Sharjah,2025-06-18,"Chrono24 UAE (simulated — site uses JS rendering, data schema mirrors live listings)"
C24-UAE-1381,Tudor,Accessible Luxury,Black Bay 58,REF-37767,2020,6,Modern (6-10y),Very Good,5000.0,1360.0,Entry (<10K),Dealer,1,Ajman,2025-06-18,"Chrono24 UAE (simulated — site uses JS rendering, data schema mirrors live listings)"
C24-UAE-1382,Richard Mille,Ultra Luxury,RM 035,REF-73614,2021,5,Recent (3-5y),Like New,198400.0,53965.0,Luxury (75K-200K),Dealer,1,Sharjah,2025-06-18,"Chrono24 UAE (simulated — site uses JS rendering, data schema mirrors live listings)"
C24-UAE-1383,Seiko,Accessible,Astron,REF-70238,2019,7,Modern (6-10y),Unworn,4900.0,1333.0,Entry (<10K),Dealer,1,Dubai,2025-06-18,"Chrono24 UAE (simulated — site uses JS rendering, data schema mirrors live listings)"
C24-UAE-1384,Omega,Premium,Seamaster 300M,REF-27290,2009,17,Vintage Adjacent (11-20y),Very Good,8100.0,2203.0,Entry (<10K),Private Seller,0,Sharjah,2025-06-18,"Chrono24 UAE (simulated — site uses JS rendering, data schema mirrors live listings)"
C24-UAE-1385,Patek Philippe,Ultra Luxury,Calatrava,REF-95054,1997,29,Vintage (20y+),Good,139800.0,38026.0,Luxury (75K-200K),Dealer,1,Abu Dhabi,2025-06-18,"Chrono24 UAE (simulated — site uses JS rendering, data schema mirrors live listings)"
C24-UAE-1386,Rolex,Luxury,Oyster Perpetual 41,REF-95915,2015,11,Vintage Adjacent (11-20y),Like New,41900.0,11397.0,Premium (30K-75K),Private Seller,0,Dubai,2025-06-18,"Chrono24 UAE (simulated — site uses JS rendering, data schema mirrors live listings)"
C24-UAE-1387,Vacheron Constantin,Grand Complication,Overseas,REF-78084,1995,31,Vintage (20y+),Like New,66500.0,18088.0,Premium (30K-75K),Dealer,1,Ajman,2025-06-18,"Chrono24 UAE (simulated — site uses JS rendering, data schema mirrors live listings)"
C24-UAE-1388,Rolex,Luxury,Submariner Date,126610LN,2017,9,Modern (6-10y),Like New,105800.0,28778.0,Luxury (75K-200K),Dealer,1,Ajman,2025-06-18,"Chrono24 UAE (simulated — site uses JS rendering, data schema mirrors live listings)"
C24-UAE-1389,Omega,Premium,Seamaster 300M,REF-58177,2007,19,Vintage Adjacent (11-20y),Unworn,4700.0,1278.0,Entry (<10K),Private Seller,0,Sharjah,2025-06-18,"Chrono24 UAE (simulated — site uses JS rendering, data schema mirrors live listings)"
C24-UAE-1390,Patek Philippe,Ultra Luxury,Complications 5396,REF-98753,2019,7,Modern (6-10y),Good,208600.0,56739.0,Ultra Luxury (200K+),Private Seller,0,Abu Dhabi,2025-06-18,"Chrono24 UAE (simulated — site uses JS rendering, data schema mirrors live listings)"
C24-UAE-1391,Omega,Premium,Planet Ocean,REF-37925,2013,13,Vintage Adjacent (11-20y),Unworn,9900.0,2693.0,Entry (<10K),Private Seller,0,Abu Dhabi,2025-06-18,"Chrono24 UAE (simulated — site uses JS rendering, data schema mirrors live listings)"
C24-UAE-1392,Seiko,Accessible,Presage,REF-23168,2014,12,Vintage Adjacent (11-20y),Good,600.0,163.0,Entry (<10K),Private Seller,0,Abu Dhabi,2025-06-18,"Chrono24 UAE (simulated — site uses JS rendering, data schema mirrors live listings)"
C24-UAE-1393,Jaeger-LeCoultre,Grand Complication,Reverso,REF-28327,2013,13,Vintage Adjacent (11-20y),Good,16100.0,4379.0,Mid (10K-30K),Dealer,1,Abu Dhabi,2025-06-18,"Chrono24 UAE (simulated — site uses JS rendering, data schema mirrors live listings)"
C24-UAE-1394,Richard Mille,Ultra Luxury,RM 011,REF-13515,2002,24,Vintage (20y+),Very Good,266500.0,72488.0,Ultra Luxury (200K+),Dealer,1,Sharjah,2025-06-18,"Chrono24 UAE (simulated — site uses JS rendering, data schema mirrors live listings)"
C24-UAE-1395,Audemars Piguet,Ultra Luxury,Royal Oak Concept,REF-17152,2014,12,Vintage Adjacent (11-20y),Very Good,109000.0,29648.0,Luxury (75K-200K),Private Seller,0,Abu Dhabi,2025-06-18,"Chrono24 UAE (simulated — site uses JS rendering, data schema mirrors live listings)"
C24-UAE-1396,Breitling,Premium,Superocean,REF-11581,1998,28,Vintage (20y+),Like New,5100.0,1387.0,Entry (<10K),Dealer,1,Sharjah,2025-06-18,"Chrono24 UAE (simulated — site uses JS rendering, data schema mirrors live listings)"
C24-UAE-1397,Seiko,Accessible,Presage,REF-81612,1999,27,Vintage (20y+),Very Good,1700.0,462.0,Entry (<10K),Private Seller,0,Abu Dhabi,2025-06-18,"Chrono24 UAE (simulated — site uses JS rendering, data schema mirrors live listings)"
C24-UAE-1398,Jaeger-LeCoultre,Grand Complication,Master Ultra Thin,REF-38277,2019,7,Modern (6-10y),Unworn,12000.0,3264.0,Mid (10K-30K),Dealer,1,Dubai,2025-06-18,"Chrono24 UAE (simulated — site uses JS rendering, data schema mirrors live listings)"
C24-UAE-1399,Seiko,Accessible,Prospex,REF-64451,2020,6,Modern (6-10y),Very Good,4000.0,1088.0,Entry (<10K),Dealer,1,Ajman,2025-06-18,"Chrono24 UAE (simulated — site uses JS rendering, data schema mirrors live listings)"
C24-UAE-1400,Vacheron Constantin,Grand Complication,Patrimony,REF-20957,1997,29,Vintage (20y+),Very Good,26500.0,7208.0,Mid (10K-30K),Dealer,1,Sharjah,2025-06-18,"Chrono24 UAE (simulated — site uses JS rendering, data schema mirrors live listings)"
C24-UAE-1401,Omega,Premium,Planet Ocean,REF-61213,2024,2,Nearly New (0-2y),Like New,19800.0,5386.0,Mid (10K-30K),Private Seller,0,Dubai,2025-06-18,"Chrono24 UAE (simulated — site uses JS rendering, data schema mirrors live listings)"
C24-UAE-1402,Richard Mille,Ultra Luxury,RM 010,REF-66948,2018,8,Modern (6-10y),Fair,136000.0,36992.0,Luxury (75K-200K),Dealer,1,Dubai,2025-06-18,"Chrono24 UAE (simulated — site uses JS rendering, data schema mirrors live listings)"
C24-UAE-1403,Breitling,Premium,Chronomat,REF-33022,2014,12,Vintage Adjacent (11-20y),Unworn,15900.0,4325.0,Mid (10K-30K),Private Seller,0,Dubai,2025-06-18,"Chrono24 UAE (simulated — site uses JS rendering, data schema mirrors live listings)"
C24-UAE-1404,Rolex,Luxury,GMT-Master II,126710BLRO,2017,9,Modern (6-10y),Unworn,56000.0,15232.0,Premium (30K-75K),Dealer,1,Sharjah,2025-06-18,"Chrono24 UAE (simulated — site uses JS rendering, data schema mirrors live listings)"
C24-UAE-1405,Patek Philippe,Ultra Luxury,Calatrava,REF-25473,1999,27,Vintage (20y+),Good,231900.0,63077.0,Ultra Luxury (200K+),Private Seller,0,Dubai,2025-06-18,"Chrono24 UAE (simulated — site uses JS rendering, data schema mirrors live listings)"
C24-UAE-1406,Hublot,Luxury,Classic Fusion,REF-92251,2003,23,Vintage (20y+),Very Good,64600.0,17571.0,Premium (30K-75K),Dealer,1,Dubai,2025-06-18,"Chrono24 UAE (simulated — site uses JS rendering, data schema mirrors live listings)"
C24-UAE-1407,Breitling,Premium,Superocean,REF-58193,2011,15,Vintage Adjacent (11-20y),Very Good,11500.0,3128.0,Mid (10K-30K),Dealer,1,Abu Dhabi,2025-06-18,"Chrono24 UAE (simulated — site uses JS rendering, data schema mirrors live listings)"
C24-UAE-1408,Richard Mille,Ultra Luxury,RM 011,REF-76692,2023,3,Recent (3-5y),Very Good,248800.0,67674.0,Ultra Luxury (200K+),Private Seller,0,Dubai,2025-06-18,"Chrono24 UAE (simulated — site uses JS rendering, data schema mirrors live listings)"
C24-UAE-1409,Rolex,Luxury,Submariner Date,126610LN,2002,24,Vintage (20y+),Unworn,117500.0,31960.0,Luxury (75K-200K),Dealer,1,Dubai,2025-06-18,"Chrono24 UAE (simulated — site uses JS rendering, data schema mirrors live listings)"
C24-UAE-1410,Tag Heuer,Accessible Luxury,Aquaracer,REF-51934,2018,8,Modern (6-10y),Good,4700.0,1278.0,Entry (<10K),Dealer,1,Sharjah,2025-06-18,"Chrono24 UAE (simulated — site uses JS rendering, data schema mirrors live listings)"
C24-UAE-1411,Tudor,Accessible Luxury,Black Bay 58,REF-33507,2013,13,Vintage Adjacent (11-20y),Very Good,8200.0,2230.0,Entry (<10K),Dealer,1,Abu Dhabi,2025-06-18,"Chrono24 UAE (simulated — site uses JS rendering, data schema mirrors live listings)"
C24-UAE-1412,Jaeger-LeCoultre,Grand Complication,Polaris,REF-47002,1996,30,Vintage (20y+),Fair,13600.0,3699.0,Mid (10K-30K),Dealer,1,Sharjah,2025-06-18,"Chrono24 UAE (simulated — site uses JS rendering, data schema mirrors live listings)"
C24-UAE-1413,Hublot,Luxury,Big Bang,411.CM.1180.RX,2012,14,Vintage Adjacent (11-20y),Very Good,24900.0,6773.0,Mid (10K-30K),Dealer,1,Abu Dhabi,2025-06-18,"Chrono24 UAE (simulated — site uses JS rendering, data schema mirrors live listings)"
C24-UAE-1414,Breitling,Premium,Superocean,REF-81638,2013,13,Vintage Adjacent (11-20y),Fair,9800.0,2666.0,Entry (<10K),Private Seller,0,Abu Dhabi,2025-06-18,"Chrono24 UAE (simulated — site uses JS rendering, data schema mirrors live listings)"
C24-UAE-1415,Patek Philippe,Ultra Luxury,Nautilus 5711,5711/1A-010,2024,2,Nearly New (0-2y),Very Good,156400.0,42541.0,Luxury (75K-200K),Dealer,1,Sharjah,2025-06-18,"Chrono24 UAE (simulated — site uses JS rendering, data schema mirrors live listings)"
C24-UAE-1416,Rolex,Luxury,Oyster Perpetual 41,REF-41217,2022,4,Recent (3-5y),Good,29200.0,7942.0,Mid (10K-30K),Dealer,1,Ajman,2025-06-18,"Chrono24 UAE (simulated — site uses JS rendering, data schema mirrors live listings)"
C24-UAE-1417,Breitling,Premium,Navitimer,REF-78125,1999,27,Vintage (20y+),Good,14100.0,3835.0,Mid (10K-30K),Dealer,1,Ajman,2025-06-18,"Chrono24 UAE (simulated — site uses JS rendering, data schema mirrors live listings)"
C24-UAE-1418,Vacheron Constantin,Grand Complication,Patrimony,REF-27499,2009,17,Vintage Adjacent (11-20y),Fair,15200.0,4134.0,Mid (10K-30K),Dealer,1,Ajman,2025-06-18,"Chrono24 UAE (simulated — site uses JS rendering, data schema mirrors live listings)"
C24-UAE-1419,Omega,Premium,Planet Ocean,REF-48230,2013,13,Vintage Adjacent (11-20y),Unworn,5100.0,1387.0,Entry (<10K),Private Seller,0,Sharjah,2025-06-18,"Chrono24 UAE (simulated — site uses JS rendering, data schema mirrors live listings)"
C24-UAE-1420,Tudor,Accessible Luxury,Pelagos,REF-51688,2024,2,Nearly New (0-2y),Good,11100.0,3019.0,Mid (10K-30K),Private Seller,0,Ajman,2025-06-18,"Chrono24 UAE (simulated — site uses JS rendering, data schema mirrors live listings)"
C24-UAE-1421,Richard Mille,Ultra Luxury,RM 055,REF-24283,1997,29,Vintage (20y+),Fair,218300.0,59378.0,Ultra Luxury (200K+),Dealer,1,Abu Dhabi,2025-06-18,"Chrono24 UAE (simulated — site uses JS rendering, data schema mirrors live listings)"
C24-UAE-1422,Omega,Premium,Seamaster 300M,REF-37215,2009,17,Vintage Adjacent (11-20y),Very Good,9500.0,2584.0,Entry (<10K),Dealer,1,Ajman,2025-06-18,"Chrono24 UAE (simulated — site uses JS rendering, data schema mirrors live listings)"
C24-UAE-1423,Richard Mille,Ultra Luxury,RM 010,REF-49874,2003,23,Vintage (20y+),Good,283400.0,77085.0,Ultra Luxury (200K+),Dealer,1,Dubai,2025-06-18,"Chrono24 UAE (simulated — site uses JS rendering, data schema mirrors live listings)"
C24-UAE-1424,Audemars Piguet,Ultra Luxury,Royal Oak Offshore,REF-77300,1999,27,Vintage (20y+),Unworn,145900.0,39685.0,Luxury (75K-200K),Dealer,1,Dubai,2025-06-18,"Chrono24 UAE (simulated — site uses JS rendering, data schema mirrors live listings)"
C24-UAE-1425,Cartier,Luxury,Tank,REF-69270,2003,23,Vintage (20y+),Good,16200.0,4406.0,Mid (10K-30K),Dealer,1,Abu Dhabi,2025-06-18,"Chrono24 UAE (simulated — site uses JS rendering, data schema mirrors live listings)"
C24-UAE-1426,Omega,Premium,De Ville,REF-39135,1998,28,Vintage (20y+),Good,2400.0,653.0,Entry (<10K),Dealer,1,Abu Dhabi,2025-06-18,"Chrono24 UAE (simulated — site uses JS rendering, data schema mirrors live listings)"
C24-UAE-1427,Audemars Piguet,Ultra Luxury,Royal Oak Offshore,REF-86823,2006,20,Vintage Adjacent (11-20y),Good,53300.0,14498.0,Premium (30K-75K),Private Seller,0,Sharjah,2025-06-18,"Chrono24 UAE (simulated — site uses JS rendering, data schema mirrors live listings)"
C24-UAE-1428,Seiko,Accessible,Prospex,REF-26880,1995,31,Vintage (20y+),Fair,1600.0,435.0,Entry (<10K),Dealer,1,Dubai,2025-06-18,"Chrono24 UAE (simulated — site uses JS rendering, data schema mirrors live listings)"
C24-UAE-1429,Seiko,Accessible,Presage,REF-85220,1998,28,Vintage (20y+),Unworn,1100.0,299.0,Entry (<10K),Dealer,1,Ajman,2025-06-18,"Chrono24 UAE (simulated — site uses JS rendering, data schema mirrors live listings)"
C24-UAE-1430,Tudor,Accessible Luxury,Heritage Chrono,REF-56392,2007,19,Vintage Adjacent (11-20y),Very Good,5000.0,1360.0,Entry (<10K),Dealer,1,Abu Dhabi,2025-06-18,"Chrono24 UAE (simulated — site uses JS rendering, data schema mirrors live listings)"
C24-UAE-1431,Seiko,Accessible,Prospex,REF-91156,2003,23,Vintage (20y+),Like New,500.0,136.0,Entry (<10K),Private Seller,0,Abu Dhabi,2025-06-18,"Chrono24 UAE (simulated — site uses JS rendering, data schema mirrors live listings)"
C24-UAE-1432,Cartier,Luxury,Tank,REF-46670,2010,16,Vintage Adjacent (11-20y),Very Good,4500.0,1224.0,Entry (<10K),Dealer,1,Ajman,2025-06-18,"Chrono24 UAE (simulated — site uses JS rendering, data schema mirrors live listings)"
C24-UAE-1433,Patek Philippe,Ultra Luxury,Complications 5396,REF-81258,2001,25,Vintage (20y+),Very Good,127300.0,34626.0,Luxury (75K-200K),Private Seller,0,Dubai,2025-06-18,"Chrono24 UAE (simulated — site uses JS rendering, data schema mirrors live listings)"
C24-UAE-1434,IWC,Luxury,Aquatimer,REF-84141,2006,20,Vintage Adjacent (11-20y),Very Good,12500.0,3400.0,Mid (10K-30K),Private Seller,0,Sharjah,2025-06-18,"Chrono24 UAE (simulated — site uses JS rendering, data schema mirrors live listings)"
C24-UAE-1435,IWC,Luxury,Pilot Mark XVIII,REF-46822,2000,26,Vintage (20y+),Unworn,7000.0,1904.0,Entry (<10K),Dealer,1,Dubai,2025-06-18,"Chrono24 UAE (simulated — site uses JS rendering, data schema mirrors live listings)"
C24-UAE-1436,Jaeger-LeCoultre,Grand Complication,Master Ultra Thin,REF-30922,2011,15,Vintage Adjacent (11-20y),Very Good,13300.0,3618.0,Mid (10K-30K),Dealer,1,Dubai,2025-06-18,"Chrono24 UAE (simulated — site uses JS rendering, data schema mirrors live listings)"
C24-UAE-1437,Audemars Piguet,Ultra Luxury,Royal Oak Concept,REF-17328,2002,24,Vintage (20y+),Like New,279300.0,75970.0,Ultra Luxury (200K+),Private Seller,0,Abu Dhabi,2025-06-18,"Chrono24 UAE (simulated — site uses JS rendering, data schema mirrors live listings)"
C24-UAE-1438,Panerai,Luxury,Radiomir,REF-41005,2006,20,Vintage Adjacent (11-20y),Fair,5100.0,1387.0,Entry (<10K),Private Seller,0,Sharjah,2025-06-18,"Chrono24 UAE (simulated — site uses JS rendering, data schema mirrors live listings)"
C24-UAE-1439,Jaeger-LeCoultre,Grand Complication,Polaris,REF-56095,2017,9,Modern (6-10y),Very Good,34200.0,9302.0,Premium (30K-75K),Dealer,1,Abu Dhabi,2025-06-18,"Chrono24 UAE (simulated — site uses JS rendering, data schema mirrors live listings)"
C24-UAE-1440,Panerai,Luxury,Luminor Marina,REF-50508,2021,5,Recent (3-5y),Fair,14300.0,3890.0,Mid (10K-30K),Private Seller,0,Abu Dhabi,2025-06-18,"Chrono24 UAE (simulated — site uses JS rendering, data schema mirrors live listings)"
C24-UAE-1441,Breitling,Premium,Navitimer,REF-72650,1997,29,Vintage (20y+),Unworn,4500.0,1224.0,Entry (<10K),Dealer,1,Dubai,2025-06-18,"Chrono24 UAE (simulated — site uses JS rendering, data schema mirrors live listings)"
C24-UAE-1442,Hublot,Luxury,Spirit of Big Bang,REF-52413,2001,25,Vintage (20y+),Good,15500.0,4216.0,Mid (10K-30K),Dealer,1,Dubai,2025-06-18,"Chrono24 UAE (simulated — site uses JS rendering, data schema mirrors live listings)"
C24-UAE-1443,Rolex,Luxury,GMT-Master II,126710BLRO,2013,13,Vintage Adjacent (11-20y),Good,22000.0,5984.0,Mid (10K-30K),Dealer,1,Sharjah,2025-06-18,"Chrono24 UAE (simulated — site uses JS rendering, data schema mirrors live listings)"
C24-UAE-1444,Omega,Premium,Constellation,REF-49552,2017,9,Modern (6-10y),Fair,3400.0,925.0,Entry (<10K),Dealer,1,Sharjah,2025-06-18,"Chrono24 UAE (simulated — site uses JS rendering, data schema mirrors live listings)"
C24-UAE-1445,Patek Philippe,Ultra Luxury,Aquanaut 5167,REF-95089,2018,8,Modern (6-10y),Fair,232000.0,63104.0,Ultra Luxury (200K+),Private Seller,0,Sharjah,2025-06-18,"Chrono24 UAE (simulated — site uses JS rendering, data schema mirrors live listings)"
C24-UAE-1446,Patek Philippe,Ultra Luxury,Calatrava,REF-48602,2002,24,Vintage (20y+),Good,141500.0,38488.0,Luxury (75K-200K),Private Seller,0,Abu Dhabi,2025-06-18,"Chrono24 UAE (simulated — site uses JS rendering, data schema mirrors live listings)"
C24-UAE-1447,Patek Philippe,Ultra Luxury,Nautilus 5711,5711/1A-010,2017,9,Modern (6-10y),Fair,238800.0,64954.0,Ultra Luxury (200K+),Dealer,1,Dubai,2025-06-18,"Chrono24 UAE (simulated — site uses JS rendering, data schema mirrors live listings)"
C24-UAE-1448,Patek Philippe,Ultra Luxury,Calatrava,REF-23645,2024,2,Nearly New (0-2y),Good,208100.0,56603.0,Ultra Luxury (200K+),Dealer,1,Ajman,2025-06-18,"Chrono24 UAE (simulated — site uses JS rendering, data schema mirrors live listings)"
C24-UAE-1449,Patek Philippe,Ultra Luxury,Calatrava,REF-93386,2018,8,Modern (6-10y),Unworn,177100.0,48171.0,Luxury (75K-200K),Dealer,1,Dubai,2025-06-18,"Chrono24 UAE (simulated — site uses JS rendering, data schema mirrors live listings)"
C24-UAE-1450,Tudor,Accessible Luxury,Heritage Chrono,REF-44761,2016,10,Modern (6-10y),Very Good,6200.0,1686.0,Entry (<10K),Private Seller,0,Abu Dhabi,2025-06-18,"Chrono24 UAE (simulated — site uses JS rendering, data schema mirrors live listings)"
C24-UAE-1451,Audemars Piguet,Ultra Luxury,Royal Oak Concept,REF-16310,1997,29,Vintage (20y+),Very Good,202500.0,55080.0,Ultra Luxury (200K+),Private Seller,0,Ajman,2025-06-18,"Chrono24 UAE (simulated — site uses JS rendering, data schema mirrors live listings)"
C24-UAE-1452,Breitling,Premium,Chronomat,REF-59638,2008,18,Vintage Adjacent (11-20y),Fair,7100.0,1931.0,Entry (<10K),Private Seller,0,Sharjah,2025-06-18,"Chrono24 UAE (simulated — site uses JS rendering, data schema mirrors live listings)"
C24-UAE-1453,Tag Heuer,Accessible Luxury,Monaco,REF-39567,1998,28,Vintage (20y+),Good,6100.0,1659.0,Entry (<10K),Private Seller,0,Abu Dhabi,2025-06-18,"Chrono24 UAE (simulated — site uses JS rendering, data schema mirrors live listings)"
C24-UAE-1454,Breitling,Premium,Navitimer,REF-23726,2020,6,Modern (6-10y),Good,10400.0,2829.0,Mid (10K-30K),Dealer,1,Dubai,2025-06-18,"Chrono24 UAE (simulated — site uses JS rendering, data schema mirrors live listings)"
C24-UAE-1455,Hublot,Luxury,Big Bang,411.CM.1180.RX,2023,3,Recent (3-5y),Very Good,69900.0,19013.0,Premium (30K-75K),Private Seller,0,Sharjah,2025-06-18,"Chrono24 UAE (simulated — site uses JS rendering, data schema mirrors live listings)"
C24-UAE-1456,Panerai,Luxury,Submersible,REF-31626,2023,3,Recent (3-5y),Very Good,36900.0,10037.0,Premium (30K-75K),Dealer,1,Ajman,2025-06-18,"Chrono24 UAE (simulated — site uses JS rendering, data schema mirrors live listings)"
C24-UAE-1457,Patek Philippe,Ultra Luxury,Nautilus 5711,5711/1A-010,1998,28,Vintage (20y+),Like New,199200.0,54182.0,Luxury (75K-200K),Private Seller,0,Sharjah,2025-06-18,"Chrono24 UAE (simulated — site uses JS rendering, data schema mirrors live listings)"
C24-UAE-1458,Cartier,Luxury,Tank,REF-74349,2004,22,Vintage (20y+),Like New,14600.0,3971.0,Mid (10K-30K),Dealer,1,Abu Dhabi,2025-06-18,"Chrono24 UAE (simulated — site uses JS rendering, data schema mirrors live listings)"
C24-UAE-1459,Rolex,Luxury,Daytona,REF-88671,1995,31,Vintage (20y+),Very Good,75300.0,20482.0,Luxury (75K-200K),Dealer,1,Ajman,2025-06-18,"Chrono24 UAE (simulated — site uses JS rendering, data schema mirrors live listings)"
C24-UAE-1460,Audemars Piguet,Ultra Luxury,Royal Oak 15400,15400ST.OO.1220ST.01,1995,31,Vintage (20y+),Like New,294300.0,80050.0,Ultra Luxury (200K+),Dealer,1,Dubai,2025-06-18,"Chrono24 UAE (simulated — site uses JS rendering, data schema mirrors live listings)"
C24-UAE-1461,Richard Mille,Ultra Luxury,RM 010,REF-81319,2010,16,Vintage Adjacent (11-20y),Very Good,96100.0,26139.0,Luxury (75K-200K),Private Seller,0,Ajman,2025-06-18,"Chrono24 UAE (simulated — site uses JS rendering, data schema mirrors live listings)"
C24-UAE-1462,Patek Philippe,Ultra Luxury,Calatrava,REF-67637,2023,3,Recent (3-5y),Very Good,66100.0,17979.0,Premium (30K-75K),Dealer,1,Ajman,2025-06-18,"Chrono24 UAE (simulated — site uses JS rendering, data schema mirrors live listings)"
C24-UAE-1463,Richard Mille,Ultra Luxury,RM 055,REF-97486,2021,5,Recent (3-5y),Like New,571300.0,155394.0,Ultra Luxury (200K+),Dealer,1,Dubai,2025-06-18,"Chrono24 UAE (simulated — site uses JS rendering, data schema mirrors live listings)"
C24-UAE-1464,Omega,Premium,Constellation,REF-82561,2020,6,Modern (6-10y),Very Good,15500.0,4216.0,Mid (10K-30K),Private Seller,0,Dubai,2025-06-18,"Chrono24 UAE (simulated — site uses JS rendering, data schema mirrors live listings)"
C24-UAE-1465,Tudor,Accessible Luxury,Pelagos,REF-72236,2021,5,Recent (3-5y),Very Good,10800.0,2938.0,Mid (10K-30K),Private Seller,0,Abu Dhabi,2025-06-18,"Chrono24 UAE (simulated — site uses JS rendering, data schema mirrors live listings)"
C24-UAE-1466,Breitling,Premium,Superocean,REF-84870,1997,29,Vintage (20y+),Very Good,4000.0,1088.0,Entry (<10K),Private Seller,0,Abu Dhabi,2025-06-18,"Chrono24 UAE (simulated — site uses JS rendering, data schema mirrors live listings)"
C24-UAE-1467,Omega,Premium,De Ville,REF-35260,2000,26,Vintage (20y+),Fair,3600.0,979.0,Entry (<10K),Dealer,1,Abu Dhabi,2025-06-18,"Chrono24 UAE (simulated — site uses JS rendering, data schema mirrors live listings)"
C24-UAE-1468,Rolex,Luxury,Oyster Perpetual 41,REF-92211,1997,29,Vintage (20y+),Fair,71800.0,19530.0,Premium (30K-75K),Dealer,1,Abu Dhabi,2025-06-18,"Chrono24 UAE (simulated — site uses JS rendering, data schema mirrors live listings)"
C24-UAE-1469,Tudor,Accessible Luxury,Heritage Chrono,REF-21406,2003,23,Vintage (20y+),Like New,8600.0,2339.0,Entry (<10K),Private Seller,0,Ajman,2025-06-18,"Chrono24 UAE (simulated — site uses JS rendering, data schema mirrors live listings)"
C24-UAE-1470,Tag Heuer,Accessible Luxury,Monaco,REF-11620,2012,14,Vintage Adjacent (11-20y),Like New,6800.0,1850.0,Entry (<10K),Dealer,1,Ajman,2025-06-18,"Chrono24 UAE (simulated — site uses JS rendering, data schema mirrors live listings)"
C24-UAE-1471,Omega,Premium,De Ville,REF-23133,1999,27,Vintage (20y+),Like New,14000.0,3808.0,Mid (10K-30K),Dealer,1,Dubai,2025-06-18,"Chrono24 UAE (simulated — site uses JS rendering, data schema mirrors live listings)"
C24-UAE-1472,Panerai,Luxury,Luminor Marina,REF-63856,2020,6,Modern (6-10y),Like New,18100.0,4923.0,Mid (10K-30K),Dealer,1,Sharjah,2025-06-18,"Chrono24 UAE (simulated — site uses JS rendering, data schema mirrors live listings)"
C24-UAE-1473,IWC,Luxury,Aquatimer,REF-62818,2010,16,Vintage Adjacent (11-20y),Very Good,8900.0,2421.0,Entry (<10K),Dealer,1,Abu Dhabi,2025-06-18,"Chrono24 UAE (simulated — site uses JS rendering, data schema mirrors live listings)"
C24-UAE-1474,Panerai,Luxury,Submersible,REF-53449,2016,10,Modern (6-10y),Good,20500.0,5576.0,Mid (10K-30K),Dealer,1,Abu Dhabi,2025-06-18,"Chrono24 UAE (simulated — site uses JS rendering, data schema mirrors live listings)"
C24-UAE-1475,Rolex,Luxury,Sky-Dweller,REF-49722,2024,2,Nearly New (0-2y),Like New,52500.0,14280.0,Premium (30K-75K),Dealer,1,Sharjah,2025-06-18,"Chrono24 UAE (simulated — site uses JS rendering, data schema mirrors live listings)"
C24-UAE-1476,Richard Mille,Ultra Luxury,RM 010,REF-27614,2022,4,Recent (3-5y),Good,505100.0,137387.0,Ultra Luxury (200K+),Dealer,1,Sharjah,2025-06-18,"Chrono24 UAE (simulated — site uses JS rendering, data schema mirrors live listings)"
C24-UAE-1477,Vacheron Constantin,Grand Complication,Patrimony,REF-94614,2019,7,Modern (6-10y),Good,56000.0,15232.0,Premium (30K-75K),Dealer,1,Dubai,2025-06-18,"Chrono24 UAE (simulated — site uses JS rendering, data schema mirrors live listings)"
C24-UAE-1478,Audemars Piguet,Ultra Luxury,Royal Oak Offshore,REF-77698,2001,25,Vintage (20y+),Fair,102700.0,27934.0,Luxury (75K-200K),Dealer,1,Sharjah,2025-06-18,"Chrono24 UAE (simulated — site uses JS rendering, data schema mirrors live listings)"
C24-UAE-1479,Tudor,Accessible Luxury,Black Bay 58,REF-62872,2011,15,Vintage Adjacent (11-20y),Good,5900.0,1605.0,Entry (<10K),Dealer,1,Abu Dhabi,2025-06-18,"Chrono24 UAE (simulated — site uses JS rendering, data schema mirrors live listings)"
C24-UAE-1480,Jaeger-LeCoultre,Grand Complication,Polaris,REF-36309,2023,3,Recent (3-5y),Very Good,55700.0,15150.0,Premium (30K-75K),Dealer,1,Dubai,2025-06-18,"Chrono24 UAE (simulated — site uses JS rendering, data schema mirrors live listings)"
C24-UAE-1481,Audemars Piguet,Ultra Luxury,Royal Oak 15400,15400ST.OO.1220ST.01,2009,17,Vintage Adjacent (11-20y),Unworn,104800.0,28506.0,Luxury (75K-200K),Dealer,1,Ajman,2025-06-18,"Chrono24 UAE (simulated — site uses JS rendering, data schema mirrors live listings)"
C24-UAE-1482,Tag Heuer,Accessible Luxury,Monaco,REF-74066,2015,11,Vintage Adjacent (11-20y),Fair,3100.0,843.0,Entry (<10K),Private Seller,0,Ajman,2025-06-18,"Chrono24 UAE (simulated — site uses JS rendering, data schema mirrors live listings)"
C24-UAE-1483,Patek Philippe,Ultra Luxury,Complications 5396,REF-43903,2013,13,Vintage Adjacent (11-20y),Very Good,303400.0,82525.0,Ultra Luxury (200K+),Dealer,1,Dubai,2025-06-18,"Chrono24 UAE (simulated — site uses JS rendering, data schema mirrors live listings)"
C24-UAE-1484,Richard Mille,Ultra Luxury,RM 011,REF-38091,2007,19,Vintage Adjacent (11-20y),Unworn,385800.0,104938.0,Ultra Luxury (200K+),Private Seller,0,Abu Dhabi,2025-06-18,"Chrono24 UAE (simulated — site uses JS rendering, data schema mirrors live listings)"
C24-UAE-1485,Cartier,Luxury,Santos,REF-99417,2016,10,Modern (6-10y),Like New,16200.0,4406.0,Mid (10K-30K),Private Seller,0,Dubai,2025-06-18,"Chrono24 UAE (simulated — site uses JS rendering, data schema mirrors live listings)"
C24-UAE-1486,Breitling,Premium,Navitimer,REF-89736,2015,11,Vintage Adjacent (11-20y),Like New,8500.0,2312.0,Entry (<10K),Private Seller,0,Sharjah,2025-06-18,"Chrono24 UAE (simulated — site uses JS rendering, data schema mirrors live listings)"
C24-UAE-1487,Vacheron Constantin,Grand Complication,Traditionnelle,REF-70161,2015,11,Vintage Adjacent (11-20y),Like New,98300.0,26738.0,Luxury (75K-200K),Private Seller,0,Sharjah,2025-06-18,"Chrono24 UAE (simulated — site uses JS rendering, data schema mirrors live listings)"
C24-UAE-1488,Audemars Piguet,Ultra Luxury,Royal Oak Offshore,REF-23410,2004,22,Vintage (20y+),Good,112000.0,30464.0,Luxury (75K-200K),Private Seller,0,Dubai,2025-06-18,"Chrono24 UAE (simulated — site uses JS rendering, data schema mirrors live listings)"
C24-UAE-1489,Tag Heuer,Accessible Luxury,Aquaracer,REF-47051,2021,5,Recent (3-5y),Good,9900.0,2693.0,Entry (<10K),Dealer,1,Sharjah,2025-06-18,"Chrono24 UAE (simulated — site uses JS rendering, data schema mirrors live listings)"
C24-UAE-1490,Cartier,Luxury,Santos,REF-46291,2010,16,Vintage Adjacent (11-20y),Unworn,16600.0,4515.0,Mid (10K-30K),Private Seller,0,Sharjah,2025-06-18,"Chrono24 UAE (simulated — site uses JS rendering, data schema mirrors live listings)"
C24-UAE-1491,Cartier,Luxury,Ballon Bleu,REF-41496,2023,3,Recent (3-5y),Good,17900.0,4869.0,Mid (10K-30K),Dealer,1,Dubai,2025-06-18,"Chrono24 UAE (simulated — site uses JS rendering, data schema mirrors live listings)"
C24-UAE-1492,Jaeger-LeCoultre,Grand Complication,Polaris,REF-95904,2007,19,Vintage Adjacent (11-20y),Good,23200.0,6310.0,Mid (10K-30K),Private Seller,0,Ajman,2025-06-18,"Chrono24 UAE (simulated — site uses JS rendering, data schema mirrors live listings)"
C24-UAE-1493,Richard Mille,Ultra Luxury,RM 035,REF-84978,2024,2,Nearly New (0-2y),Very Good,142900.0,38869.0,Luxury (75K-200K),Dealer,1,Abu Dhabi,2025-06-18,"Chrono24 UAE (simulated — site uses JS rendering, data schema mirrors live listings)"
C24-UAE-1494,Hublot,Luxury,Spirit of Big Bang,REF-98063,2017,9,Modern (6-10y),Like New,38400.0,10445.0,Premium (30K-75K),Dealer,1,Sharjah,2025-06-18,"Chrono24 UAE (simulated — site uses JS rendering, data schema mirrors live listings)"
C24-UAE-1495,Tag Heuer,Accessible Luxury,Monaco,REF-48506,2022,4,Recent (3-5y),Like New,13200.0,3590.0,Mid (10K-30K),Private Seller,0,Dubai,2025-06-18,"Chrono24 UAE (simulated — site uses JS rendering, data schema mirrors live listings)"
C24-UAE-1496,Breitling,Premium,Navitimer,REF-33995,2018,8,Modern (6-10y),Like New,22000.0,5984.0,Mid (10K-30K),Private Seller,0,Sharjah,2025-06-18,"Chrono24 UAE (simulated — site uses JS rendering, data schema mirrors live listings)"
C24-UAE-1497,Cartier,Luxury,Santos,REF-53426,2002,24,Vintage (20y+),Very Good,8500.0,2312.0,Entry (<10K),Private Seller,0,Sharjah,2025-06-18,"Chrono24 UAE (simulated — site uses JS rendering, data schema mirrors live listings)"
C24-UAE-1498,Richard Mille,Ultra Luxury,RM 035,REF-86490,2009,17,Vintage Adjacent (11-20y),Good,299900.0,81573.0,Ultra Luxury (200K+),Dealer,1,Dubai,2025-06-18,"Chrono24 UAE (simulated — site uses JS rendering, data schema mirrors live listings)"
C24-UAE-1499,Breitling,Premium,Navitimer,REF-64146,2011,15,Vintage Adjacent (11-20y),Like New,12500.0,3400.0,Mid (10K-30K),Private Seller,0,Dubai,2025-06-18,"Chrono24 UAE (simulated — site uses JS rendering, data schema mirrors live listings)"
C24-UAE-1500,Tudor,Accessible Luxury,Black Bay 58,REF-69974,1999,27,Vintage (20y+),Fair,5900.0,1605.0,Entry (<10K),Dealer,1,Abu Dhabi,2025-06-18,"Chrono24 UAE (simulated — site uses JS rendering, data schema mirrors live listings)"
C24-UAE-1501,Hublot,Luxury,Spirit of Big Bang,REF-33176,2000,26,Vintage (20y+),Good,38000.0,10336.0,Premium (30K-75K),Dealer,1,Sharjah,2025-06-18,"Chrono24 UAE (simulated — site uses JS rendering, data schema mirrors live listings)"
C24-UAE-1502,Cartier,Luxury,Santos,REF-85534,1995,31,Vintage (20y+),Very Good,16100.0,4379.0,Mid (10K-30K),Dealer,1,Abu Dhabi,2025-06-18,"Chrono24 UAE (simulated — site uses JS rendering, data schema mirrors live listings)"
C24-UAE-1503,Breitling,Premium,Navitimer,REF-72573,1999,27,Vintage (20y+),Very Good,9200.0,2502.0,Entry (<10K),Dealer,1,Ajman,2025-06-18,"Chrono24 UAE (simulated — site uses JS rendering, data schema mirrors live listings)"
C24-UAE-1504,Rolex,Luxury,Submariner Date,126610LN,2012,14,Vintage Adjacent (11-20y),Like New,19400.0,5277.0,Mid (10K-30K),Dealer,1,Abu Dhabi,2025-06-18,"Chrono24 UAE (simulated — site uses JS rendering, data schema mirrors live listings)"
C24-UAE-1505,Rolex,Luxury,Submariner Date,126610LN,2015,11,Vintage Adjacent (11-20y),Good,80600.0,21923.0,Luxury (75K-200K),Dealer,1,Abu Dhabi,2025-06-18,"Chrono24 UAE (simulated — site uses JS rendering, data schema mirrors live listings)"
C24-UAE-1506,Omega,Premium,De Ville,REF-49085,2011,15,Vintage Adjacent (11-20y),Very Good,13200.0,3590.0,Mid (10K-30K),Dealer,1,Sharjah,2025-06-18,"Chrono24 UAE (simulated — site uses JS rendering, data schema mirrors live listings)"
C24-UAE-1507,Breitling,Premium,Chronomat,REF-27536,2011,15,Vintage Adjacent (11-20y),Very Good,16000.0,4352.0,Mid (10K-30K),Dealer,1,Sharjah,2025-06-18,"Chrono24 UAE (simulated — site uses JS rendering, data schema mirrors live listings)"
C24-UAE-1508,Seiko,Accessible,Presage,REF-62873,2006,20,Vintage Adjacent (11-20y),Good,2100.0,571.0,Entry (<10K),Dealer,1,Dubai,2025-06-18,"Chrono24 UAE (simulated — site uses JS rendering, data schema mirrors live listings)"
C24-UAE-1509,Audemars Piguet,Ultra Luxury,Royal Oak 15400,15400ST.OO.1220ST.01,2018,8,Modern (6-10y),Fair,33300.0,9058.0,Premium (30K-75K),Dealer,1,Abu Dhabi,2025-06-18,"Chrono24 UAE (simulated — site uses JS rendering, data schema mirrors live listings)"
C24-UAE-1510,Omega,Premium,Constellation,REF-43526,2017,9,Modern (6-10y),Good,15100.0,4107.0,Mid (10K-30K),Dealer,1,Dubai,2025-06-18,"Chrono24 UAE (simulated — site uses JS rendering, data schema mirrors live listings)"
C24-UAE-1511,Panerai,Luxury,Luminor Marina,REF-25176,2016,10,Modern (6-10y),Like New,7200.0,1958.0,Entry (<10K),Private Seller,0,Ajman,2025-06-18,"Chrono24 UAE (simulated — site uses JS rendering, data schema mirrors live listings)"
C24-UAE-1512,Breitling,Premium,Superocean,REF-99881,1998,28,Vintage (20y+),Very Good,5700.0,1550.0,Entry (<10K),Dealer,1,Dubai,2025-06-18,"Chrono24 UAE (simulated — site uses JS rendering, data schema mirrors live listings)"
C24-UAE-1513,Richard Mille,Ultra Luxury,RM 010,REF-27978,2016,10,Modern (6-10y),Like New,370300.0,100722.0,Ultra Luxury (200K+),Dealer,1,Ajman,2025-06-18,"Chrono24 UAE (simulated — site uses JS rendering, data schema mirrors live listings)"
C24-UAE-1514,Tudor,Accessible Luxury,Black Bay 58,REF-23928,2011,15,Vintage Adjacent (11-20y),Good,2500.0,680.0,Entry (<10K),Dealer,1,Ajman,2025-06-18,"Chrono24 UAE (simulated — site uses JS rendering, data schema mirrors live listings)"
C24-UAE-1515,Audemars Piguet,Ultra Luxury,Royal Oak Concept,REF-56913,2001,25,Vintage (20y+),Good,220000.0,59840.0,Ultra Luxury (200K+),Private Seller,0,Ajman,2025-06-18,"Chrono24 UAE (simulated — site uses JS rendering, data schema mirrors live listings)"
C24-UAE-1516,Richard Mille,Ultra Luxury,RM 055,REF-73001,1996,30,Vintage (20y+),Very Good,293100.0,79723.0,Ultra Luxury (200K+),Private Seller,0,Sharjah,2025-06-18,"Chrono24 UAE (simulated — site uses JS rendering, data schema mirrors live listings)"
C24-UAE-1517,Audemars Piguet,Ultra Luxury,Royal Oak 15400,15400ST.OO.1220ST.01,1995,31,Vintage (20y+),Good,194100.0,52795.0,Luxury (75K-200K),Private Seller,0,Ajman,2025-06-18,"Chrono24 UAE (simulated — site uses JS rendering, data schema mirrors live listings)"
C24-UAE-1518,Patek Philippe,Ultra Luxury,Nautilus 5711,5711/1A-010,2019,7,Modern (6-10y),Very Good,83100.0,22603.0,Luxury (75K-200K),Private Seller,0,Abu Dhabi,2025-06-18,"Chrono24 UAE (simulated — site uses JS rendering, data schema mirrors live listings)"
C24-UAE-1519,Breitling,Premium,Superocean,REF-15170,2003,23,Vintage (20y+),Very Good,6000.0,1632.0,Entry (<10K),Dealer,1,Sharjah,2025-06-18,"Chrono24 UAE (simulated — site uses JS rendering, data schema mirrors live listings)"
